Player,replication,avg_num_rounds,variance_rounds,sum_profits,mean_day_profits,variance_profits,,,
Low_Risk:Flat-Bet,0,100,0,-196,-6.533,32.326,,Column1,
Low_Risk:Flat-Bet,1,100,0,-197,-6.567,25.151,,,
Low_Risk:Flat-Bet,2,100,0,-215,-7.167,24.557,,Mean,-6.590708
Low_Risk:Flat-Bet,3,100,0,-214,-7.133,26.878,,Standard Error,0.029694913
Low_Risk:Flat-Bet,4,100,0,-249,-8.3,19.252,,Median,-6.567
Low_Risk:Flat-Bet,5,100,0,-274,-9.133,25.085,,Mode,-6.2
Low_Risk:Flat-Bet,6,100,0,-205,-6.833,20.902,,Standard Deviation,0.939035609
Low_Risk:Flat-Bet,7,100,0,-164,-5.467,37.43,,Sample Variance,0.881787875
Low_Risk:Flat-Bet,8,100,0,-222,-7.4,31.421,,Kurtosis,0.087765396
Low_Risk:Flat-Bet,9,100,0,-191,-6.367,24.654,,Skewness,-0.023047645
Low_Risk:Flat-Bet,10,100,0,-208,-6.933,28.892,,Range,6.867
Low_Risk:Flat-Bet,11,100,0,-166,-5.533,19.775,,Minimum,-9.6
Low_Risk:Flat-Bet,12,100,0,-213,-7.1,21.955,,Maximum,-2.733
Low_Risk:Flat-Bet,13,100,0,-157,-5.233,29.357,,Sum,-6590.708
Low_Risk:Flat-Bet,14,100,0,-204,-6.8,28.234,,Count,1000
Low_Risk:Flat-Bet,15,100,0,-198,-6.6,22.248,,,
Low_Risk:Flat-Bet,16,100,0,-161,-5.367,28.654,,,
Low_Risk:Flat-Bet,17,100,0,-219,-7.3,21.872,,,
Low_Risk:Flat-Bet,18,100,0,-207,-6.9,26.024,,,
Low_Risk:Flat-Bet,19,100,0,-157,-5.233,34.185,,,
Low_Risk:Flat-Bet,20,100,0,-188,-6.267,22.547,,,
Low_Risk:Flat-Bet,21,100,0,-174,-5.8,30.648,,,
Low_Risk:Flat-Bet,22,100,0,-220,-7.333,33.54,,,
Low_Risk:Flat-Bet,23,100,0,-175,-5.833,25.454,,,
Low_Risk:Flat-Bet,24,100,0,-179,-5.967,26.93,,,
Low_Risk:Flat-Bet,25,100,0,-197,-6.567,22.599,,,
Low_Risk:Flat-Bet,26,100,0,-212,-7.067,25.72,,,
Low_Risk:Flat-Bet,27,100,0,-234,-7.8,22.855,,,
Low_Risk:Flat-Bet,28,100,0,-162,-5.4,46.317,,,
Low_Risk:Flat-Bet,29,100,0,-227,-7.567,22.116,,,
Low_Risk:Flat-Bet,30,100,0,-174,-5.8,23.752,,,
Low_Risk:Flat-Bet,31,100,0,-253,-8.433,26.461,,,
Low_Risk:Flat-Bet,32,100,0,-198,-6.6,19.766,,,
Low_Risk:Flat-Bet,33,100,0,-197,-6.567,30.116,,,
Low_Risk:Flat-Bet,34,100,0,-179,-5.967,24.654,,,
Low_Risk:Flat-Bet,35,100,0,-205,-6.833,23.247,,,
Low_Risk:Flat-Bet,36,100,0,-151,-5.033,35.689,,,
Low_Risk:Flat-Bet,37,100,0,-182,-6.067,32.892,,,
Low_Risk:Flat-Bet,38,100,0,-222,-7.4,33.283,,,
Low_Risk:Flat-Bet,39,100,0,-156,-5.2,27.752,,,
Low_Risk:Flat-Bet,40,100,0,-129,-4.3,16.631,,,
Low_Risk:Flat-Bet,41,100,0,-191,-6.367,14.447,,,
Low_Risk:Flat-Bet,42,100,0,-188,-6.267,21.306,,,
Low_Risk:Flat-Bet,43,100,0,-215,-7.167,17.868,,,
Low_Risk:Flat-Bet,44,100,0,-194,-6.467,18.602,,,
Low_Risk:Flat-Bet,45,100,0,-205,-6.833,43.799,,,
Low_Risk:Flat-Bet,46,100,0,-175,-5.833,29.247,,,
Low_Risk:Flat-Bet,47,100,0,-204,-6.8,36.717,,,
Low_Risk:Flat-Bet,48,100,0,-203,-6.767,24.047,,,
Low_Risk:Flat-Bet,49,100,0,-237,-7.9,23.059,,,
Low_Risk:Flat-Bet,50,100,0,-175,-5.833,18.557,,,
Low_Risk:Flat-Bet,51,100,0,-125,-4.167,19.523,,,
Low_Risk:Flat-Bet,52,100,0,-163,-5.433,23.495,,,
Low_Risk:Flat-Bet,53,100,0,-213,-7.1,23.886,,,
Low_Risk:Flat-Bet,54,100,0,-181,-6.033,24.447,,,
Low_Risk:Flat-Bet,55,100,0,-191,-6.367,24.723,,,
Low_Risk:Flat-Bet,56,100,0,-217,-7.233,25.909,,,
Low_Risk:Flat-Bet,57,100,0,-205,-6.833,24.144,,,
Low_Risk:Flat-Bet,58,100,0,-147,-4.9,30.576,,,
Low_Risk:Flat-Bet,59,100,0,-184,-6.133,33.706,,,
Low_Risk:Flat-Bet,60,100,0,-191,-6.367,29.482,,,
Low_Risk:Flat-Bet,61,100,0,-187,-6.233,30.806,,,
Low_Risk:Flat-Bet,62,100,0,-193,-6.433,32.944,,,
Low_Risk:Flat-Bet,63,100,0,-173,-5.767,33.22,,,
Low_Risk:Flat-Bet,64,100,0,-143,-4.767,27.702,,,
Low_Risk:Flat-Bet,65,100,0,-191,-6.367,31.482,,,
Low_Risk:Flat-Bet,66,100,0,-169,-5.633,23.275,,,
Low_Risk:Flat-Bet,67,100,0,-244,-8.133,35.223,,,
Low_Risk:Flat-Bet,68,100,0,-216,-7.2,22.717,,,
Low_Risk:Flat-Bet,69,100,0,-207,-6.9,24.231,,,
Low_Risk:Flat-Bet,70,100,0,-155,-5.167,21.316,,,
Low_Risk:Flat-Bet,71,100,0,-233,-7.767,38.323,,,
Low_Risk:Flat-Bet,72,100,0,-187,-6.233,26.875,,,
Low_Risk:Flat-Bet,73,100,0,-222,-7.4,51.007,,,
Low_Risk:Flat-Bet,74,100,0,-152,-5.067,21.651,,,
Low_Risk:Flat-Bet,75,100,0,-170,-5.667,21.609,,,
Low_Risk:Flat-Bet,76,100,0,-201,-6.7,29.114,,,
Low_Risk:Flat-Bet,77,100,0,-188,-6.267,22.892,,,
Low_Risk:Flat-Bet,78,100,0,-215,-7.167,42.489,,,
Low_Risk:Flat-Bet,79,100,0,-218,-7.267,30.547,,,
Low_Risk:Flat-Bet,80,100,0,-211,-7.033,37.275,,,
Low_Risk:Flat-Bet,81,100,0,-240,-8,31.379,,,
Low_Risk:Flat-Bet,82,100,0,-195,-6.5,33.983,,,
Low_Risk:Flat-Bet,83,100,0,-232,-7.733,21.03,,,
Low_Risk:Flat-Bet,84,100,0,-205,-6.833,16.971,,,
Low_Risk:Flat-Bet,85,100,0,-158,-5.267,19.582,,,
Low_Risk:Flat-Bet,86,100,0,-221,-7.367,25.413,,,
Low_Risk:Flat-Bet,87,100,0,-155,-5.167,20.626,,,
Low_Risk:Flat-Bet,88,100,0,-185,-6.167,26.833,,,
Low_Risk:Flat-Bet,89,100,0,-195,-6.5,38.328,,,
Low_Risk:Flat-Bet,90,100,0,-156,-5.2,20.441,,,
Low_Risk:Flat-Bet,91,100,0,-202,-6.733,31.306,,,
Low_Risk:Flat-Bet,92,100,0,-238,-7.933,35.444,,,
Low_Risk:Flat-Bet,93,100,0,-176,-5.867,21.154,,,
Low_Risk:Flat-Bet,94,100,0,-201,-6.7,32.769,,,
Low_Risk:Flat-Bet,95,100,0,-188,-6.267,28.616,,,
Low_Risk:Flat-Bet,96,100,0,-171,-5.7,32.217,,,
Low_Risk:Flat-Bet,97,100,0,-173,-5.767,26.323,,,
Low_Risk:Flat-Bet,98,100,0,-189,-6.3,42.01,,,
Low_Risk:Flat-Bet,99,100,0,-176,-5.867,15.568,,,
Low_Risk:Flat-Bet,100,100,0,-206,-6.867,31.706,,,
Low_Risk:Flat-Bet,101,100,0,-192,-6.4,32.248,,,
Low_Risk:Flat-Bet,102,100,0,-224,-7.467,43.223,,,
Low_Risk:Flat-Bet,103,100,0,-207,-6.9,25.266,,,
Low_Risk:Flat-Bet,104,100,0,-166,-5.533,24.74,,,
Low_Risk:Flat-Bet,105,100,0,-173,-5.767,14.185,,,
Low_Risk:Flat-Bet,106,100,0,-178,-5.933,28.685,,,
Low_Risk:Flat-Bet,107,100,0,-241,-8.033,24.723,,,
Low_Risk:Flat-Bet,108,100,0,-204,-6.8,14.855,,,
Low_Risk:Flat-Bet,109,100,0,-195,-6.5,31.569,,,
Low_Risk:Flat-Bet,110,100,0,-232,-7.733,35.306,,,
Low_Risk:Flat-Bet,111,100,0,-215,-7.167,27.937,,,
Low_Risk:Flat-Bet,112,100,0,-204,-6.8,23.476,,,
Low_Risk:Flat-Bet,113,100,0,-199,-6.633,24.999,,,
Low_Risk:Flat-Bet,114,100,0,-173,-5.767,27.978,,,
Low_Risk:Flat-Bet,115,100,0,-188,-6.267,32.961,,,
Low_Risk:Flat-Bet,116,100,0,-168,-5.6,13.834,,,
Low_Risk:Flat-Bet,117,100,0,-181,-6.033,27.895,,,
Low_Risk:Flat-Bet,118,100,0,-199,-6.633,19.275,,,
Low_Risk:Flat-Bet,119,100,0,-213,-7.1,31.266,,,
Low_Risk:Flat-Bet,120,100,0,-199,-6.633,31.895,,,
Low_Risk:Flat-Bet,121,100,0,-140,-4.667,26.299,,,
Low_Risk:Flat-Bet,122,100,0,-229,-7.633,20.171,,,
Low_Risk:Flat-Bet,123,100,0,-163,-5.433,33.909,,,
Low_Risk:Flat-Bet,124,100,0,-223,-7.433,22.254,,,
Low_Risk:Flat-Bet,125,100,0,-192,-6.4,29.214,,,
Low_Risk:Flat-Bet,126,100,0,-152,-5.067,25.375,,,
Low_Risk:Flat-Bet,127,100,0,-208,-6.933,18.685,,,
Low_Risk:Flat-Bet,128,100,0,-195,-6.5,41.845,,,
Low_Risk:Flat-Bet,129,100,0,-213,-7.1,24.231,,,
Low_Risk:Flat-Bet,130,100,0,-231,-7.7,21.114,,,
Low_Risk:Flat-Bet,131,100,0,-179,-5.967,22.861,,,
Low_Risk:Flat-Bet,132,100,0,-182,-6.067,21.651,,,
Low_Risk:Flat-Bet,133,100,0,-182,-6.067,40.064,,,
Low_Risk:Flat-Bet,134,100,0,-213,-7.1,17.059,,,
Low_Risk:Flat-Bet,135,100,0,-196,-6.533,24.464,,,
Low_Risk:Flat-Bet,136,100,0,-188,-6.267,26.823,,,
Low_Risk:Flat-Bet,137,100,0,-186,-6.2,25.614,,,
Low_Risk:Flat-Bet,138,100,0,-164,-5.467,29.775,,,
Low_Risk:Flat-Bet,139,100,0,-261,-8.7,40.424,,,
Low_Risk:Flat-Bet,140,100,0,-226,-7.533,35.637,,,
Low_Risk:Flat-Bet,141,100,0,-210,-7,16,,,
Low_Risk:Flat-Bet,142,100,0,-195,-6.5,43.914,,,
Low_Risk:Flat-Bet,143,100,0,-159,-5.3,27.114,,,
Low_Risk:Flat-Bet,144,100,0,-199,-6.633,22.999,,,
Low_Risk:Flat-Bet,145,100,0,-203,-6.767,29.013,,,
Low_Risk:Flat-Bet,146,100,0,-204,-6.8,14.648,,,
Low_Risk:Flat-Bet,147,100,0,-188,-6.267,38.547,,,
Low_Risk:Flat-Bet,148,100,0,-189,-6.3,34.286,,,
Low_Risk:Flat-Bet,149,100,0,-242,-8.067,27.513,,,
Low_Risk:Flat-Bet,150,100,0,-201,-6.7,27.666,,,
Low_Risk:Flat-Bet,151,100,0,-235,-7.833,25.178,,,
Low_Risk:Flat-Bet,152,100,0,-143,-4.767,32.668,,,
Low_Risk:Flat-Bet,153,100,0,-152,-5.067,31.444,,,
Low_Risk:Flat-Bet,154,100,0,-191,-6.367,16.24,,,
Low_Risk:Flat-Bet,155,100,0,-221,-7.367,38.033,,,
Low_Risk:Flat-Bet,156,100,0,-133,-4.433,24.737,,,
Low_Risk:Flat-Bet,157,100,0,-179,-5.967,31.826,,,
Low_Risk:Flat-Bet,158,100,0,-218,-7.267,24.202,,,
Low_Risk:Flat-Bet,159,100,0,-223,-7.433,23.564,,,
Low_Risk:Flat-Bet,160,100,0,-192,-6.4,19.007,,,
Low_Risk:Flat-Bet,161,100,0,-183,-6.1,27.61,,,
Low_Risk:Flat-Bet,162,100,0,-195,-6.5,26.121,,,
Low_Risk:Flat-Bet,163,100,0,-142,-4.733,28.892,,,
Low_Risk:Flat-Bet,164,100,0,-135,-4.5,32.397,,,
Low_Risk:Flat-Bet,165,100,0,-190,-6.333,36.575,,,
Low_Risk:Flat-Bet,166,100,0,-255,-8.5,26.81,,,
Low_Risk:Flat-Bet,167,100,0,-196,-6.533,23.154,,,
Low_Risk:Flat-Bet,168,100,0,-186,-6.2,33.062,,,
Low_Risk:Flat-Bet,169,100,0,-197,-6.567,31.22,,,
Low_Risk:Flat-Bet,170,100,0,-151,-5.033,35.206,,,
Low_Risk:Flat-Bet,171,100,0,-195,-6.5,16.948,,,
Low_Risk:Flat-Bet,172,100,0,-174,-5.8,27.683,,,
Low_Risk:Flat-Bet,173,100,0,-198,-6.6,19.972,,,
Low_Risk:Flat-Bet,174,100,0,-211,-7.033,30.447,,,
Low_Risk:Flat-Bet,175,100,0,-248,-8.267,28.478,,,
Low_Risk:Flat-Bet,176,100,0,-199,-6.633,32.033,,,
Low_Risk:Flat-Bet,177,100,0,-205,-6.833,24.144,,,
Low_Risk:Flat-Bet,178,100,0,-154,-5.133,27.706,,,
Low_Risk:Flat-Bet,179,100,0,-163,-5.433,24.116,,,
Low_Risk:Flat-Bet,180,100,0,-197,-6.567,32.047,,,
Low_Risk:Flat-Bet,181,100,0,-195,-6.5,34.121,,,
Low_Risk:Flat-Bet,182,100,0,-269,-8.967,28.861,,,
Low_Risk:Flat-Bet,183,100,0,-177,-5.9,19.403,,,
Low_Risk:Flat-Bet,184,100,0,-216,-7.2,21.683,,,
Low_Risk:Flat-Bet,185,100,0,-240,-8,21.103,,,
Low_Risk:Flat-Bet,186,100,0,-192,-6.4,32.317,,,
Low_Risk:Flat-Bet,187,100,0,-191,-6.367,21.964,,,
Low_Risk:Flat-Bet,188,100,0,-183,-6.1,26.369,,,
Low_Risk:Flat-Bet,189,100,0,-201,-6.7,21.528,,,
Low_Risk:Flat-Bet,190,100,0,-118,-3.933,43.03,,,
Low_Risk:Flat-Bet,191,100,0,-267,-8.9,21.886,,,
Low_Risk:Flat-Bet,192,100,0,-209,-6.967,27.275,,,
Low_Risk:Flat-Bet,193,100,0,-219,-7.3,33.528,,,
Low_Risk:Flat-Bet,194,100,0,-158,-5.267,29.237,,,
Low_Risk:Flat-Bet,195,100,0,-168,-5.6,32.317,,,
Low_Risk:Flat-Bet,196,100,0,-236,-7.867,25.499,,,
Low_Risk:Flat-Bet,197,100,0,-189,-6.3,33.872,,,
Low_Risk:Flat-Bet,198,100,0,-179,-5.967,32.447,,,
Low_Risk:Flat-Bet,199,100,0,-168,-5.6,30.317,,,
Low_Risk:Flat-Bet,200,100,0,-252,-8.4,23.559,,,
Low_Risk:Flat-Bet,201,100,0,-184,-6.133,26.74,,,
Low_Risk:Flat-Bet,202,100,0,-189,-6.3,13.459,,,
Low_Risk:Flat-Bet,203,100,0,-234,-7.8,38.303,,,
Low_Risk:Flat-Bet,204,100,0,-141,-4.7,21.39,,,
Low_Risk:Flat-Bet,205,100,0,-237,-7.9,31.541,,,
Low_Risk:Flat-Bet,206,100,0,-250,-8.333,39.402,,,
Low_Risk:Flat-Bet,207,100,0,-210,-7,16.897,,,
Low_Risk:Flat-Bet,208,100,0,-199,-6.633,22.378,,,
Low_Risk:Flat-Bet,209,100,0,-188,-6.267,24.616,,,
Low_Risk:Flat-Bet,210,100,0,-177,-5.9,26.093,,,
Low_Risk:Flat-Bet,211,100,0,-221,-7.367,34.93,,,
Low_Risk:Flat-Bet,212,100,0,-175,-5.833,25.454,,,
Low_Risk:Flat-Bet,213,100,0,-214,-7.133,23.085,,,
Low_Risk:Flat-Bet,214,100,0,-159,-5.3,22.838,,,
Low_Risk:Flat-Bet,215,100,0,-169,-5.633,36.585,,,
Low_Risk:Flat-Bet,216,100,0,-206,-6.867,25.706,,,
Low_Risk:Flat-Bet,217,100,0,-196,-6.533,13.154,,,
Low_Risk:Flat-Bet,218,100,0,-210,-7,27.586,,,
Low_Risk:Flat-Bet,219,100,0,-210,-7,24.828,,,
Low_Risk:Flat-Bet,220,100,0,-194,-6.467,30.464,,,
Low_Risk:Flat-Bet,221,100,0,-185,-6.167,32.144,,,
Low_Risk:Flat-Bet,222,100,0,-172,-5.733,22.961,,,
Low_Risk:Flat-Bet,223,100,0,-190,-6.333,24.092,,,
Low_Risk:Flat-Bet,224,100,0,-208,-6.933,23.651,,,
Low_Risk:Flat-Bet,225,100,0,-177,-5.9,31.403,,,
Low_Risk:Flat-Bet,226,100,0,-176,-5.867,29.775,,,
Low_Risk:Flat-Bet,227,100,0,-228,-7.6,30.662,,,
Low_Risk:Flat-Bet,228,100,0,-216,-7.2,23.545,,,
Low_Risk:Flat-Bet,229,100,0,-203,-6.767,28.047,,,
Low_Risk:Flat-Bet,230,100,0,-209,-6.967,29.551,,,
Low_Risk:Flat-Bet,231,100,0,-218,-7.267,23.03,,,
Low_Risk:Flat-Bet,232,100,0,-224,-7.467,25.223,,,
Low_Risk:Flat-Bet,233,100,0,-247,-8.233,21.357,,,
Low_Risk:Flat-Bet,234,100,0,-239,-7.967,32.792,,,
Low_Risk:Flat-Bet,235,100,0,-239,-7.967,21.482,,,
Low_Risk:Flat-Bet,236,100,0,-212,-7.067,36.754,,,
Low_Risk:Flat-Bet,237,100,0,-184,-6.133,15.499,,,
Low_Risk:Flat-Bet,238,100,0,-200,-6.667,28.92,,,
Low_Risk:Flat-Bet,239,100,0,-173,-5.767,24.806,,,
Low_Risk:Flat-Bet,240,100,0,-236,-7.867,20.257,,,
Low_Risk:Flat-Bet,241,100,0,-227,-7.567,34.323,,,
Low_Risk:Flat-Bet,242,100,0,-177,-5.9,15.541,,,
Low_Risk:Flat-Bet,243,100,0,-184,-6.133,10.189,,,
Low_Risk:Flat-Bet,244,100,0,-171,-5.7,31.459,,,
Low_Risk:Flat-Bet,245,100,0,-267,-8.9,21.679,,,
Low_Risk:Flat-Bet,246,100,0,-179,-5.967,45.206,,,
Low_Risk:Flat-Bet,247,100,0,-218,-7.267,39.926,,,
Low_Risk:Flat-Bet,248,100,0,-185,-6.167,16.902,,,
Low_Risk:Flat-Bet,249,100,0,-149,-4.967,40.309,,,
Low_Risk:Flat-Bet,250,100,0,-199,-6.633,23.826,,,
Low_Risk:Flat-Bet,251,100,0,-216,-7.2,21.476,,,
Low_Risk:Flat-Bet,252,100,0,-160,-5.333,35.954,,,
Low_Risk:Flat-Bet,253,100,0,-240,-8,24.552,,,
Low_Risk:Flat-Bet,254,100,0,-225,-7.5,34.052,,,
Low_Risk:Flat-Bet,255,100,0,-174,-5.8,26.648,,,
Low_Risk:Flat-Bet,256,100,0,-221,-7.367,38.24,,,
Low_Risk:Flat-Bet,257,100,0,-196,-6.533,22.878,,,
Low_Risk:Flat-Bet,258,100,0,-169,-5.633,37.62,,,
Low_Risk:Flat-Bet,259,100,0,-176,-5.867,17.43,,,
Low_Risk:Flat-Bet,260,100,0,-233,-7.767,33.771,,,
Low_Risk:Flat-Bet,261,100,0,-206,-6.867,26.602,,,
Low_Risk:Flat-Bet,262,100,0,-178,-5.933,17.168,,,
Low_Risk:Flat-Bet,263,100,0,-211,-7.033,29.137,,,
Low_Risk:Flat-Bet,264,100,0,-199,-6.633,22.585,,,
Low_Risk:Flat-Bet,265,100,0,-198,-6.6,36.455,,,
Low_Risk:Flat-Bet,266,100,0,-231,-7.7,28.286,,,
Low_Risk:Flat-Bet,267,100,0,-226,-7.533,15.292,,,
Low_Risk:Flat-Bet,268,100,0,-185,-6.167,34.557,,,
Low_Risk:Flat-Bet,269,100,0,-255,-8.5,34.672,,,
Low_Risk:Flat-Bet,270,100,0,-212,-7.067,23.444,,,
Low_Risk:Flat-Bet,271,100,0,-221,-7.367,26.309,,,
Low_Risk:Flat-Bet,272,100,0,-230,-7.667,22.851,,,
Low_Risk:Flat-Bet,273,100,0,-225,-7.5,21.983,,,
Low_Risk:Flat-Bet,274,100,0,-207,-6.9,32.3,,,
Low_Risk:Flat-Bet,275,100,0,-225,-7.5,20.397,,,
Low_Risk:Flat-Bet,276,100,0,-219,-7.3,23.734,,,
Low_Risk:Flat-Bet,277,100,0,-174,-5.8,33.269,,,
Low_Risk:Flat-Bet,278,100,0,-164,-5.467,17.016,,,
Low_Risk:Flat-Bet,279,100,0,-202,-6.733,25.306,,,
Low_Risk:Flat-Bet,280,100,0,-220,-7.333,33.264,,,
Low_Risk:Flat-Bet,281,100,0,-192,-6.4,23.972,,,
Low_Risk:Flat-Bet,282,100,0,-232,-7.733,19.03,,,
Low_Risk:Flat-Bet,283,100,0,-235,-7.833,33.454,,,
Low_Risk:Flat-Bet,284,100,0,-177,-5.9,11.679,,,
Low_Risk:Flat-Bet,285,100,0,-183,-6.1,32.507,,,
Low_Risk:Flat-Bet,286,100,0,-215,-7.167,24.213,,,
Low_Risk:Flat-Bet,287,100,0,-82,-2.733,26.133,,,
Low_Risk:Flat-Bet,288,100,0,-159,-5.3,25.252,,,
Low_Risk:Flat-Bet,289,100,0,-222,-7.4,34.662,,,
Low_Risk:Flat-Bet,290,100,0,-214,-7.133,18.257,,,
Low_Risk:Flat-Bet,291,100,0,-188,-6.267,16.685,,,
Low_Risk:Flat-Bet,292,100,0,-195,-6.5,25.983,,,
Low_Risk:Flat-Bet,293,100,0,-188,-6.267,21.03,,,
Low_Risk:Flat-Bet,294,100,0,-218,-7.267,21.582,,,
Low_Risk:Flat-Bet,295,100,0,-186,-6.2,29.062,,,
Low_Risk:Flat-Bet,296,100,0,-175,-5.833,45.04,,,
Low_Risk:Flat-Bet,297,100,0,-181,-6.033,35.413,,,
Low_Risk:Flat-Bet,298,100,0,-228,-7.6,22.317,,,
Low_Risk:Flat-Bet,299,100,0,-221,-7.367,25.413,,,
Low_Risk:Flat-Bet,300,100,0,-164,-5.467,40.326,,,
Low_Risk:Flat-Bet,301,100,0,-160,-5.333,14.368,,,
Low_Risk:Flat-Bet,302,100,0,-162,-5.4,14.593,,,
Low_Risk:Flat-Bet,303,100,0,-160,-5.333,27.057,,,
Low_Risk:Flat-Bet,304,100,0,-217,-7.233,19.289,,,
Low_Risk:Flat-Bet,305,100,0,-208,-6.933,37.168,,,
Low_Risk:Flat-Bet,306,100,0,-240,-8,24.483,,,
Low_Risk:Flat-Bet,307,100,0,-185,-6.167,33.04,,,
Low_Risk:Flat-Bet,308,100,0,-196,-6.533,22.809,,,
Low_Risk:Flat-Bet,309,100,0,-176,-5.867,22.809,,,
Low_Risk:Flat-Bet,310,100,0,-220,-7.333,24.92,,,
Low_Risk:Flat-Bet,311,100,0,-208,-6.933,30.202,,,
Low_Risk:Flat-Bet,312,100,0,-229,-7.633,23.826,,,
Low_Risk:Flat-Bet,313,100,0,-248,-8.267,20.133,,,
Low_Risk:Flat-Bet,314,100,0,-226,-7.533,28.12,,,
Low_Risk:Flat-Bet,315,100,0,-262,-8.733,16.133,,,
Low_Risk:Flat-Bet,316,100,0,-211,-7.033,24.516,,,
Low_Risk:Flat-Bet,317,100,0,-179,-5.967,25.206,,,
Low_Risk:Flat-Bet,318,100,0,-146,-4.867,19.43,,,
Low_Risk:Flat-Bet,319,100,0,-184,-6.133,35.706,,,
Low_Risk:Flat-Bet,320,100,0,-224,-7.467,17.844,,,
Low_Risk:Flat-Bet,321,100,0,-222,-7.4,16.041,,,
Low_Risk:Flat-Bet,322,100,0,-157,-5.233,37.978,,,
Low_Risk:Flat-Bet,323,100,0,-159,-5.3,29.872,,,
Low_Risk:Flat-Bet,324,100,0,-183,-6.1,35.541,,,
Low_Risk:Flat-Bet,325,100,0,-170,-5.667,18.575,,,
Low_Risk:Flat-Bet,326,100,0,-189,-6.3,25.803,,,
Low_Risk:Flat-Bet,327,100,0,-253,-8.433,32.116,,,
Low_Risk:Flat-Bet,328,100,0,-186,-6.2,38.028,,,
Low_Risk:Flat-Bet,329,100,0,-183,-6.1,37.817,,,
Low_Risk:Flat-Bet,330,100,0,-212,-7.067,25.237,,,
Low_Risk:Flat-Bet,331,100,0,-187,-6.233,30.047,,,
Low_Risk:Flat-Bet,332,100,0,-172,-5.733,34.34,,,
Low_Risk:Flat-Bet,333,100,0,-234,-7.8,17.407,,,
Low_Risk:Flat-Bet,334,100,0,-208,-6.933,24.271,,,
Low_Risk:Flat-Bet,335,100,0,-151,-5.033,10.792,,,
Low_Risk:Flat-Bet,336,100,0,-173,-5.767,15.151,,,
Low_Risk:Flat-Bet,337,100,0,-218,-7.267,15.444,,,
Low_Risk:Flat-Bet,338,100,0,-219,-7.3,19.39,,,
Low_Risk:Flat-Bet,339,100,0,-196,-6.533,40.12,,,
Low_Risk:Flat-Bet,340,100,0,-176,-5.867,24.189,,,
Low_Risk:Flat-Bet,341,100,0,-181,-6.033,27.137,,,
Low_Risk:Flat-Bet,342,100,0,-172,-5.733,21.789,,,
Low_Risk:Flat-Bet,343,100,0,-216,-7.2,32.855,,,
Low_Risk:Flat-Bet,344,100,0,-204,-6.8,27.545,,,
Low_Risk:Flat-Bet,345,100,0,-127,-4.233,29.771,,,
Low_Risk:Flat-Bet,346,100,0,-165,-5.5,24.672,,,
Low_Risk:Flat-Bet,347,100,0,-185,-6.167,44.006,,,
Low_Risk:Flat-Bet,348,100,0,-220,-7.333,23.195,,,
Low_Risk:Flat-Bet,349,100,0,-241,-8.033,33.137,,,
Low_Risk:Flat-Bet,350,100,0,-195,-6.5,18.259,,,
Low_Risk:Flat-Bet,351,100,0,-213,-7.1,28.921,,,
Low_Risk:Flat-Bet,352,100,0,-204,-6.8,20.372,,,
Low_Risk:Flat-Bet,353,100,0,-284,-9.467,34.051,,,
Low_Risk:Flat-Bet,354,100,0,-204,-6.8,30.441,,,
Low_Risk:Flat-Bet,355,100,0,-170,-5.667,37.747,,,
Low_Risk:Flat-Bet,356,100,0,-171,-5.7,25.114,,,
Low_Risk:Flat-Bet,357,100,0,-237,-7.9,41.403,,,
Low_Risk:Flat-Bet,358,100,0,-193,-6.433,26.944,,,
Low_Risk:Flat-Bet,359,100,0,-216,-7.2,21.821,,,
Low_Risk:Flat-Bet,360,100,0,-189,-6.3,33.045,,,
Low_Risk:Flat-Bet,361,100,0,-162,-5.4,38.179,,,
Low_Risk:Flat-Bet,362,100,0,-156,-5.2,30.372,,,
Low_Risk:Flat-Bet,363,100,0,-227,-7.567,17.426,,,
Low_Risk:Flat-Bet,364,100,0,-250,-8.333,23.195,,,
Low_Risk:Flat-Bet,365,100,0,-190,-6.333,25.954,,,
Low_Risk:Flat-Bet,366,100,0,-160,-5.333,39.747,,,
Low_Risk:Flat-Bet,367,100,0,-190,-6.333,39.471,,,
Low_Risk:Flat-Bet,368,100,0,-200,-6.667,23.678,,,
Low_Risk:Flat-Bet,369,100,0,-232,-7.733,20.133,,,
Low_Risk:Flat-Bet,370,100,0,-185,-6.167,27.178,,,
Low_Risk:Flat-Bet,371,100,0,-238,-7.933,24.547,,,
Low_Risk:Flat-Bet,372,100,0,-199,-6.633,29.62,,,
Low_Risk:Flat-Bet,373,100,0,-206,-6.867,39.43,,,
Low_Risk:Flat-Bet,374,100,0,-188,-6.267,27.444,,,
Low_Risk:Flat-Bet,375,100,0,-244,-8.133,28.878,,,
Low_Risk:Flat-Bet,376,100,0,-186,-6.2,25.614,,,
Low_Risk:Flat-Bet,377,100,0,-155,-5.167,42.833,,,
Low_Risk:Flat-Bet,378,100,0,-156,-5.2,22.786,,,
Low_Risk:Flat-Bet,379,100,0,-206,-6.867,25.154,,,
Low_Risk:Flat-Bet,380,100,0,-149,-4.967,39.551,,,
Low_Risk:Flat-Bet,381,100,0,-267,-8.9,26.162,,,
Low_Risk:Flat-Bet,382,100,0,-236,-7.867,24.533,,,
Low_Risk:Flat-Bet,383,100,0,-213,-7.1,24.438,,,
Low_Risk:Flat-Bet,384,100,0,-195,-6.5,33.086,,,
Low_Risk:Flat-Bet,385,100,0,-216,-7.2,21.131,,,
Low_Risk:Flat-Bet,386,100,0,-174,-5.8,27.614,,,
Low_Risk:Flat-Bet,387,100,0,-210,-7,25.724,,,
Low_Risk:Flat-Bet,388,100,0,-237,-7.9,16.162,,,
Low_Risk:Flat-Bet,389,100,0,-228,-7.6,21.283,,,
Low_Risk:Flat-Bet,390,100,0,-191,-6.367,21.413,,,
Low_Risk:Flat-Bet,391,100,0,-191,-6.367,21.206,,,
Low_Risk:Flat-Bet,392,100,0,-224,-7.467,25.016,,,
Low_Risk:Flat-Bet,393,100,0,-180,-6,25.379,,,
Low_Risk:Flat-Bet,394,100,0,-180,-6,23.724,,,
Low_Risk:Flat-Bet,395,100,0,-195,-6.5,23.5,,,
Low_Risk:Flat-Bet,396,100,0,-199,-6.633,25.551,,,
Low_Risk:Flat-Bet,397,100,0,-189,-6.3,24.424,,,
Low_Risk:Flat-Bet,398,100,0,-231,-7.7,24.079,,,
Low_Risk:Flat-Bet,399,100,0,-222,-7.4,33.076,,,
Low_Risk:Flat-Bet,400,100,0,-180,-6,35.517,,,
Low_Risk:Flat-Bet,401,100,0,-202,-6.733,27.857,,,
Low_Risk:Flat-Bet,402,100,0,-241,-8.033,26.171,,,
Low_Risk:Flat-Bet,403,100,0,-239,-7.967,42.102,,,
Low_Risk:Flat-Bet,404,100,0,-219,-7.3,31.183,,,
Low_Risk:Flat-Bet,405,100,0,-183,-6.1,36.369,,,
Low_Risk:Flat-Bet,406,100,0,-191,-6.367,16.102,,,
Low_Risk:Flat-Bet,407,100,0,-241,-8.033,29.895,,,
Low_Risk:Flat-Bet,408,100,0,-221,-7.367,26.171,,,
Low_Risk:Flat-Bet,409,100,0,-177,-5.9,23.955,,,
Low_Risk:Flat-Bet,410,100,0,-209,-6.967,21.895,,,
Low_Risk:Flat-Bet,411,100,0,-167,-5.567,24.944,,,
Low_Risk:Flat-Bet,412,100,0,-191,-6.367,48.861,,,
Low_Risk:Flat-Bet,413,100,0,-233,-7.767,13.426,,,
Low_Risk:Flat-Bet,414,100,0,-186,-6.2,39.407,,,
Low_Risk:Flat-Bet,415,100,0,-186,-6.2,22.234,,,
Low_Risk:Flat-Bet,416,100,0,-224,-7.467,32.533,,,
Low_Risk:Flat-Bet,417,100,0,-220,-7.333,32.299,,,
Low_Risk:Flat-Bet,418,100,0,-198,-6.6,33.352,,,
Low_Risk:Flat-Bet,419,100,0,-216,-7.2,34.441,,,
Low_Risk:Flat-Bet,420,100,0,-140,-4.667,47.885,,,
Low_Risk:Flat-Bet,421,100,0,-176,-5.867,24.326,,,
Low_Risk:Flat-Bet,422,100,0,-201,-6.7,24.631,,,
Low_Risk:Flat-Bet,423,100,0,-253,-8.433,25.426,,,
Low_Risk:Flat-Bet,424,100,0,-259,-8.633,29.826,,,
Low_Risk:Flat-Bet,425,100,0,-158,-5.267,24.271,,,
Low_Risk:Flat-Bet,426,100,0,-190,-6.333,19.057,,,
Low_Risk:Flat-Bet,427,100,0,-184,-6.133,27.085,,,
Low_Risk:Flat-Bet,428,100,0,-197,-6.567,25.426,,,
Low_Risk:Flat-Bet,429,100,0,-222,-7.4,25.903,,,
Low_Risk:Flat-Bet,430,100,0,-243,-8.1,24.852,,,
Low_Risk:Flat-Bet,431,100,0,-175,-5.833,15.799,,,
Low_Risk:Flat-Bet,432,100,0,-199,-6.633,29.895,,,
Low_Risk:Flat-Bet,433,100,0,-188,-6.267,29.168,,,
Low_Risk:Flat-Bet,434,100,0,-219,-7.3,23.114,,,
Low_Risk:Flat-Bet,435,100,0,-226,-7.533,35.775,,,
Low_Risk:Flat-Bet,436,100,0,-186,-6.2,12.097,,,
Low_Risk:Flat-Bet,437,100,0,-209,-6.967,29.068,,,
Low_Risk:Flat-Bet,438,100,0,-201,-6.7,42.562,,,
Low_Risk:Flat-Bet,439,100,0,-155,-5.167,41.04,,,
Low_Risk:Flat-Bet,440,100,0,-188,-6.267,22.616,,,
Low_Risk:Flat-Bet,441,100,0,-219,-7.3,44.493,,,
Low_Risk:Flat-Bet,442,100,0,-202,-6.733,11.789,,,
Low_Risk:Flat-Bet,443,100,0,-164,-5.467,22.326,,,
Low_Risk:Flat-Bet,444,100,0,-219,-7.3,41.459,,,
Low_Risk:Flat-Bet,445,100,0,-193,-6.433,27.84,,,
Low_Risk:Flat-Bet,446,100,0,-144,-4.8,21.545,,,
Low_Risk:Flat-Bet,447,100,0,-167,-5.567,28.875,,,
Low_Risk:Flat-Bet,448,100,0,-219,-7.3,27.941,,,
Low_Risk:Flat-Bet,449,100,0,-193,-6.433,20.599,,,
Low_Risk:Flat-Bet,450,100,0,-237,-7.9,24.024,,,
Low_Risk:Flat-Bet,451,100,0,-172,-5.733,21.099,,,
Low_Risk:Flat-Bet,452,100,0,-180,-6,24.414,,,
Low_Risk:Flat-Bet,453,100,0,-197,-6.567,25.426,,,
Low_Risk:Flat-Bet,454,100,0,-201,-6.7,37.321,,,
Low_Risk:Flat-Bet,455,100,0,-235,-7.833,25.661,,,
Low_Risk:Flat-Bet,456,100,0,-233,-7.767,28.668,,,
Low_Risk:Flat-Bet,457,100,0,-207,-6.9,18.024,,,
Low_Risk:Flat-Bet,458,100,0,-201,-6.7,17.459,,,
Low_Risk:Flat-Bet,459,100,0,-230,-7.667,27.954,,,
Low_Risk:Flat-Bet,460,100,0,-214,-7.133,22.051,,,
Low_Risk:Flat-Bet,461,100,0,-246,-8.2,23.545,,,
Low_Risk:Flat-Bet,462,100,0,-180,-6,29.517,,,
Low_Risk:Flat-Bet,463,100,0,-179,-5.967,26.792,,,
Low_Risk:Flat-Bet,464,100,0,-210,-7,32.414,,,
Low_Risk:Flat-Bet,465,100,0,-187,-6.233,28.806,,,
Low_Risk:Flat-Bet,466,100,0,-240,-8,23.931,,,
Low_Risk:Flat-Bet,467,100,0,-166,-5.533,34.947,,,
Low_Risk:Flat-Bet,468,100,0,-252,-8.4,31.972,,,
Low_Risk:Flat-Bet,469,100,0,-177,-5.9,21.059,,,
Low_Risk:Flat-Bet,470,100,0,-236,-7.867,40.602,,,
Low_Risk:Flat-Bet,471,100,0,-232,-7.733,23.72,,,
Low_Risk:Flat-Bet,472,100,0,-231,-7.7,26.424,,,
Low_Risk:Flat-Bet,473,100,0,-174,-5.8,28.648,,,
Low_Risk:Flat-Bet,474,100,0,-188,-6.267,22.34,,,
Low_Risk:Flat-Bet,475,100,0,-242,-8.067,23.857,,,
Low_Risk:Flat-Bet,476,100,0,-144,-4.8,27.2,,,
Low_Risk:Flat-Bet,477,100,0,-210,-7,27.379,,,
Low_Risk:Flat-Bet,478,100,0,-170,-5.667,21.264,,,
Low_Risk:Flat-Bet,479,100,0,-200,-6.667,28.161,,,
Low_Risk:Flat-Bet,480,100,0,-221,-7.367,30.378,,,
Low_Risk:Flat-Bet,481,100,0,-228,-7.6,29.972,,,
Low_Risk:Flat-Bet,482,100,0,-236,-7.867,32.464,,,
Low_Risk:Flat-Bet,483,100,0,-174,-5.8,35.959,,,
Low_Risk:Flat-Bet,484,100,0,-214,-7.133,22.464,,,
Low_Risk:Flat-Bet,485,100,0,-174,-5.8,34.166,,,
Low_Risk:Flat-Bet,486,100,0,-138,-4.6,24.938,,,
Low_Risk:Flat-Bet,487,100,0,-197,-6.567,22.53,,,
Low_Risk:Flat-Bet,488,100,0,-204,-6.8,20.441,,,
Low_Risk:Flat-Bet,489,100,0,-228,-7.6,12.731,,,
Low_Risk:Flat-Bet,490,100,0,-149,-4.967,26.93,,,
Low_Risk:Flat-Bet,491,100,0,-201,-6.7,25.734,,,
Low_Risk:Flat-Bet,492,100,0,-185,-6.167,21.247,,,
Low_Risk:Flat-Bet,493,100,0,-193,-6.433,32.392,,,
Low_Risk:Flat-Bet,494,100,0,-244,-8.133,20.533,,,
Low_Risk:Flat-Bet,495,100,0,-174,-5.8,31.614,,,
Low_Risk:Flat-Bet,496,100,0,-222,-7.4,39.283,,,
Low_Risk:Flat-Bet,497,100,0,-206,-6.867,34.671,,,
Low_Risk:Flat-Bet,498,100,0,-192,-6.4,38.11,,,
Low_Risk:Flat-Bet,499,100,0,-227,-7.567,32.53,,,
Low_Risk:Flat-Bet,500,100,0,-210,-7,23.517,,,
Low_Risk:Flat-Bet,501,100,0,-218,-7.267,36.892,,,
Low_Risk:Flat-Bet,502,100,0,-197,-6.567,22.185,,,
Low_Risk:Flat-Bet,503,100,0,-150,-5,23.655,,,
Low_Risk:Flat-Bet,504,100,0,-193,-6.433,27.151,,,
Low_Risk:Flat-Bet,505,100,0,-194,-6.467,21.085,,,
Low_Risk:Flat-Bet,506,100,0,-180,-6,27.034,,,
Low_Risk:Flat-Bet,507,100,0,-209,-6.967,27.068,,,
Low_Risk:Flat-Bet,508,100,0,-191,-6.367,22.24,,,
Low_Risk:Flat-Bet,509,100,0,-195,-6.5,32.672,,,
Low_Risk:Flat-Bet,510,100,0,-201,-6.7,38.355,,,
Low_Risk:Flat-Bet,511,100,0,-176,-5.867,19.913,,,
Low_Risk:Flat-Bet,512,100,0,-192,-6.4,28.248,,,
Low_Risk:Flat-Bet,513,100,0,-178,-5.933,20.892,,,
Low_Risk:Flat-Bet,514,100,0,-209,-6.967,30.723,,,
Low_Risk:Flat-Bet,515,100,0,-220,-7.333,29.471,,,
Low_Risk:Flat-Bet,516,100,0,-178,-5.933,18.823,,,
Low_Risk:Flat-Bet,517,100,0,-233,-7.767,15.151,,,
Low_Risk:Flat-Bet,518,100,0,-196,-6.533,19.844,,,
Low_Risk:Flat-Bet,519,100,0,-199,-6.633,27.689,,,
Low_Risk:Flat-Bet,520,100,0,-190,-6.333,29.885,,,
Low_Risk:Flat-Bet,521,100,0,-179,-5.967,17.275,,,
Low_Risk:Flat-Bet,522,100,0,-202,-6.733,21.306,,,
Low_Risk:Flat-Bet,523,100,0,-193,-6.433,27.151,,,
Low_Risk:Flat-Bet,524,100,0,-262,-8.733,35.03,,,
Low_Risk:Flat-Bet,525,100,0,-198,-6.6,26.248,,,
Low_Risk:Flat-Bet,526,100,0,-248,-8.267,23.857,,,
Low_Risk:Flat-Bet,527,100,0,-208,-6.933,28.547,,,
Low_Risk:Flat-Bet,528,100,0,-179,-5.967,16.24,,,
Low_Risk:Flat-Bet,529,100,0,-196,-6.533,19.844,,,
Low_Risk:Flat-Bet,530,100,0,-261,-8.7,33.114,,,
Low_Risk:Flat-Bet,531,100,0,-197,-6.567,33.22,,,
Low_Risk:Flat-Bet,532,100,0,-186,-6.2,28.097,,,
Low_Risk:Flat-Bet,533,100,0,-185,-6.167,29.109,,,
Low_Risk:Flat-Bet,534,100,0,-170,-5.667,43.057,,,
Low_Risk:Flat-Bet,535,100,0,-236,-7.867,30.051,,,
Low_Risk:Flat-Bet,536,100,0,-163,-5.433,23.22,,,
Low_Risk:Flat-Bet,537,100,0,-179,-5.967,35.551,,,
Low_Risk:Flat-Bet,538,100,0,-224,-7.467,30.395,,,
Low_Risk:Flat-Bet,539,100,0,-187,-6.233,26.185,,,
Low_Risk:Flat-Bet,540,100,0,-198,-6.6,23.352,,,
Low_Risk:Flat-Bet,541,100,0,-242,-8.067,29.306,,,
Low_Risk:Flat-Bet,542,100,0,-156,-5.2,32.648,,,
Low_Risk:Flat-Bet,543,100,0,-235,-7.833,28.489,,,
Low_Risk:Flat-Bet,544,100,0,-182,-6.067,14.961,,,
Low_Risk:Flat-Bet,545,100,0,-244,-8.133,33.292,,,
Low_Risk:Flat-Bet,546,100,0,-217,-7.233,14.806,,,
Low_Risk:Flat-Bet,547,100,0,-261,-8.7,31.459,,,
Low_Risk:Flat-Bet,548,100,0,-191,-6.367,15.137,,,
Low_Risk:Flat-Bet,549,100,0,-201,-6.7,20.493,,,
Low_Risk:Flat-Bet,550,100,0,-197,-6.567,19.771,,,
Low_Risk:Flat-Bet,551,100,0,-196,-6.533,35.154,,,
Low_Risk:Flat-Bet,552,100,0,-205,-6.833,51.109,,,
Low_Risk:Flat-Bet,553,100,0,-211,-7.033,39.068,,,
Low_Risk:Flat-Bet,554,100,0,-222,-7.4,29.697,,,
Low_Risk:Flat-Bet,555,100,0,-195,-6.5,18.121,,,
Low_Risk:Flat-Bet,556,100,0,-191,-6.367,32.516,,,
Low_Risk:Flat-Bet,557,100,0,-239,-7.967,15.826,,,
Low_Risk:Flat-Bet,558,100,0,-223,-7.433,34.047,,,
Low_Risk:Flat-Bet,559,100,0,-202,-6.733,29.444,,,
Low_Risk:Flat-Bet,560,100,0,-167,-5.567,24.185,,,
Low_Risk:Flat-Bet,561,100,0,-179,-5.967,13.344,,,
Low_Risk:Flat-Bet,562,100,0,-238,-7.933,24.754,,,
Low_Risk:Flat-Bet,563,100,0,-187,-6.233,22.047,,,
Low_Risk:Flat-Bet,564,100,0,-210,-7,17.034,,,
Low_Risk:Flat-Bet,565,100,0,-247,-8.233,25.909,,,
Low_Risk:Flat-Bet,566,100,0,-206,-6.867,25.499,,,
Low_Risk:Flat-Bet,567,100,0,-216,-7.2,34.234,,,
Low_Risk:Flat-Bet,568,100,0,-219,-7.3,21.872,,,
Low_Risk:Flat-Bet,569,100,0,-143,-4.767,27.84,,,
Low_Risk:Flat-Bet,570,100,0,-137,-4.567,38.392,,,
Low_Risk:Flat-Bet,571,100,0,-218,-7.267,34.685,,,
Low_Risk:Flat-Bet,572,100,0,-165,-5.5,28.19,,,
Low_Risk:Flat-Bet,573,100,0,-221,-7.367,28.102,,,
Low_Risk:Flat-Bet,574,100,0,-193,-6.433,24.668,,,
Low_Risk:Flat-Bet,575,100,0,-219,-7.3,20.562,,,
Low_Risk:Flat-Bet,576,100,0,-166,-5.533,26.809,,,
Low_Risk:Flat-Bet,577,100,0,-204,-6.8,26.924,,,
Low_Risk:Flat-Bet,578,100,0,-180,-6,16.69,,,
Low_Risk:Flat-Bet,579,100,0,-194,-6.467,22.051,,,
Low_Risk:Flat-Bet,580,100,0,-269,-8.967,22.93,,,
Low_Risk:Flat-Bet,581,100,0,-211,-7.033,25.689,,,
Low_Risk:Flat-Bet,582,100,0,-178,-5.933,30.271,,,
Low_Risk:Flat-Bet,583,100,0,-221,-7.367,27.689,,,
Low_Risk:Flat-Bet,584,100,0,-195,-6.5,19.707,,,
Low_Risk:Flat-Bet,585,100,0,-258,-8.6,20.869,,,
Low_Risk:Flat-Bet,586,100,0,-220,-7.333,22.644,,,
Low_Risk:Flat-Bet,587,100,0,-151,-5.033,18.24,,,
Low_Risk:Flat-Bet,588,100,0,-186,-6.2,19.89,,,
Low_Risk:Flat-Bet,589,100,0,-166,-5.533,33.499,,,
Low_Risk:Flat-Bet,590,100,0,-156,-5.2,25.959,,,
Low_Risk:Flat-Bet,591,100,0,-143,-4.767,30.944,,,
Low_Risk:Flat-Bet,592,100,0,-185,-6.167,31.592,,,
Low_Risk:Flat-Bet,593,100,0,-157,-5.233,33.151,,,
Low_Risk:Flat-Bet,594,100,0,-189,-6.3,28.355,,,
Low_Risk:Flat-Bet,595,100,0,-152,-5.067,29.513,,,
Low_Risk:Flat-Bet,596,100,0,-203,-6.767,27.426,,,
Low_Risk:Flat-Bet,597,100,0,-189,-6.3,24.355,,,
Low_Risk:Flat-Bet,598,100,0,-199,-6.633,23.275,,,
Low_Risk:Flat-Bet,599,100,0,-180,-6,24.552,,,
Low_Risk:Flat-Bet,600,100,0,-179,-5.967,20.447,,,
Low_Risk:Flat-Bet,601,100,0,-192,-6.4,15.283,,,
Low_Risk:Flat-Bet,602,100,0,-181,-6.033,29.275,,,
Low_Risk:Flat-Bet,603,100,0,-193,-6.433,32.461,,,
Low_Risk:Flat-Bet,604,100,0,-154,-5.133,21.982,,,
Low_Risk:Flat-Bet,605,100,0,-218,-7.267,25.168,,,
Low_Risk:Flat-Bet,606,100,0,-144,-4.8,21.338,,,
Low_Risk:Flat-Bet,607,100,0,-180,-6,25.172,,,
Low_Risk:Flat-Bet,608,100,0,-217,-7.233,34.047,,,
Low_Risk:Flat-Bet,609,100,0,-193,-6.433,29.357,,,
Low_Risk:Flat-Bet,610,100,0,-163,-5.433,23.082,,,
Low_Risk:Flat-Bet,611,100,0,-224,-7.467,17.154,,,
Low_Risk:Flat-Bet,612,100,0,-196,-6.533,23.637,,,
Low_Risk:Flat-Bet,613,100,0,-192,-6.4,24.248,,,
Low_Risk:Flat-Bet,614,100,0,-211,-7.033,29.895,,,
Low_Risk:Flat-Bet,615,100,0,-218,-7.267,36.409,,,
Low_Risk:Flat-Bet,616,100,0,-185,-6.167,22.833,,,
Low_Risk:Flat-Bet,617,100,0,-221,-7.367,30.24,,,
Low_Risk:Flat-Bet,618,100,0,-219,-7.3,30.217,,,
Low_Risk:Flat-Bet,619,100,0,-194,-6.467,29.913,,,
Low_Risk:Flat-Bet,620,100,0,-235,-7.833,19.937,,,
Low_Risk:Flat-Bet,621,100,0,-186,-6.2,18.166,,,
Low_Risk:Flat-Bet,622,100,0,-184,-6.133,35.844,,,
Low_Risk:Flat-Bet,623,100,0,-163,-5.433,27.909,,,
Low_Risk:Flat-Bet,624,100,0,-205,-6.833,24.42,,,
Low_Risk:Flat-Bet,625,100,0,-186,-6.2,30.303,,,
Low_Risk:Flat-Bet,626,100,0,-204,-6.8,29.269,,,
Low_Risk:Flat-Bet,627,100,0,-207,-6.9,22.3,,,
Low_Risk:Flat-Bet,628,100,0,-194,-6.467,20.326,,,
Low_Risk:Flat-Bet,629,100,0,-188,-6.267,22.547,,,
Low_Risk:Flat-Bet,630,100,0,-230,-7.667,24.851,,,
Low_Risk:Flat-Bet,631,100,0,-200,-6.667,22.023,,,
Low_Risk:Flat-Bet,632,100,0,-241,-8.033,29.62,,,
Low_Risk:Flat-Bet,633,100,0,-189,-6.3,25.941,,,
Low_Risk:Flat-Bet,634,100,0,-206,-6.867,40.189,,,
Low_Risk:Flat-Bet,635,100,0,-249,-8.3,18.838,,,
Low_Risk:Flat-Bet,636,100,0,-140,-4.667,20.644,,,
Low_Risk:Flat-Bet,637,100,0,-148,-4.933,23.651,,,
Low_Risk:Flat-Bet,638,100,0,-177,-5.9,25.679,,,
Low_Risk:Flat-Bet,639,100,0,-253,-8.433,21.22,,,
Low_Risk:Flat-Bet,640,100,0,-186,-6.2,24.372,,,
Low_Risk:Flat-Bet,641,100,0,-160,-5.333,30.299,,,
Low_Risk:Flat-Bet,642,100,0,-152,-5.067,31.375,,,
Low_Risk:Flat-Bet,643,100,0,-187,-6.233,19.22,,,
Low_Risk:Flat-Bet,644,100,0,-205,-6.833,44.144,,,
Low_Risk:Flat-Bet,645,100,0,-171,-5.7,34.631,,,
Low_Risk:Flat-Bet,646,100,0,-218,-7.267,32.409,,,
Low_Risk:Flat-Bet,647,100,0,-206,-6.867,32.947,,,
Low_Risk:Flat-Bet,648,100,0,-197,-6.567,24.323,,,
Low_Risk:Flat-Bet,649,100,0,-196,-6.533,37.844,,,
Low_Risk:Flat-Bet,650,100,0,-180,-6,27.724,,,
Low_Risk:Flat-Bet,651,100,0,-236,-7.867,22.878,,,
Low_Risk:Flat-Bet,652,100,0,-288,-9.6,34.593,,,
Low_Risk:Flat-Bet,653,100,0,-210,-7,29.034,,,
Low_Risk:Flat-Bet,654,100,0,-169,-5.633,21.895,,,
Low_Risk:Flat-Bet,655,100,0,-179,-5.967,18.24,,,
Low_Risk:Flat-Bet,656,100,0,-208,-6.933,10.685,,,
Low_Risk:Flat-Bet,657,100,0,-189,-6.3,32.424,,,
Low_Risk:Flat-Bet,658,100,0,-165,-5.5,18.19,,,
Low_Risk:Flat-Bet,659,100,0,-200,-6.667,21.954,,,
Low_Risk:Flat-Bet,660,100,0,-153,-5.1,25.748,,,
Low_Risk:Flat-Bet,661,100,0,-142,-4.733,19.03,,,
Low_Risk:Flat-Bet,662,100,0,-207,-6.9,11.886,,,
Low_Risk:Flat-Bet,663,100,0,-162,-5.4,20.041,,,
Low_Risk:Flat-Bet,664,100,0,-184,-6.133,23.637,,,
Low_Risk:Flat-Bet,665,100,0,-236,-7.867,34.257,,,
Low_Risk:Flat-Bet,666,100,0,-175,-5.833,37.247,,,
Low_Risk:Flat-Bet,667,100,0,-210,-7,23.586,,,
Low_Risk:Flat-Bet,668,100,0,-201,-6.7,20.769,,,
Low_Risk:Flat-Bet,669,100,0,-165,-5.5,28.603,,,
Low_Risk:Flat-Bet,670,100,0,-221,-7.367,28.171,,,
Low_Risk:Flat-Bet,671,100,0,-217,-7.233,33.289,,,
Low_Risk:Flat-Bet,672,100,0,-251,-8.367,32.999,,,
Low_Risk:Flat-Bet,673,100,0,-215,-7.167,33.454,,,
Low_Risk:Flat-Bet,674,100,0,-214,-7.133,37.499,,,
Low_Risk:Flat-Bet,675,100,0,-219,-7.3,15.321,,,
Low_Risk:Flat-Bet,676,100,0,-172,-5.733,24.271,,,
Low_Risk:Flat-Bet,677,100,0,-198,-6.6,18.731,,,
Low_Risk:Flat-Bet,678,100,0,-200,-6.667,15.954,,,
Low_Risk:Flat-Bet,679,100,0,-199,-6.633,41.689,,,
Low_Risk:Flat-Bet,680,100,0,-210,-7,33.586,,,
Low_Risk:Flat-Bet,681,100,0,-160,-5.333,54.23,,,
Low_Risk:Flat-Bet,682,100,0,-166,-5.533,27.085,,,
Low_Risk:Flat-Bet,683,100,0,-187,-6.233,33.771,,,
Low_Risk:Flat-Bet,684,100,0,-162,-5.4,30.593,,,
Low_Risk:Flat-Bet,685,100,0,-169,-5.633,33.137,,,
Low_Risk:Flat-Bet,686,100,0,-215,-7.167,34.075,,,
Low_Risk:Flat-Bet,687,100,0,-186,-6.2,21.752,,,
Low_Risk:Flat-Bet,688,100,0,-225,-7.5,29.293,,,
Low_Risk:Flat-Bet,689,100,0,-209,-6.967,34.516,,,
Low_Risk:Flat-Bet,690,100,0,-177,-5.9,19.128,,,
Low_Risk:Flat-Bet,691,100,0,-280,-9.333,35.057,,,
Low_Risk:Flat-Bet,692,100,0,-199,-6.633,19.62,,,
Low_Risk:Flat-Bet,693,100,0,-195,-6.5,15.293,,,
Low_Risk:Flat-Bet,694,100,0,-160,-5.333,48.368,,,
Low_Risk:Flat-Bet,695,100,0,-184,-6.133,32.257,,,
Low_Risk:Flat-Bet,696,100,0,-216,-7.2,28.786,,,
Low_Risk:Flat-Bet,697,100,0,-215,-7.167,33.523,,,
Low_Risk:Flat-Bet,698,100,0,-217,-7.233,23.702,,,
Low_Risk:Flat-Bet,699,100,0,-169,-5.633,34.723,,,
Low_Risk:Flat-Bet,700,100,0,-171,-5.7,41.803,,,
Low_Risk:Flat-Bet,701,100,0,-193,-6.433,13.633,,,
Low_Risk:Flat-Bet,702,100,0,-222,-7.4,33.766,,,
Low_Risk:Flat-Bet,703,100,0,-203,-6.767,28.806,,,
Low_Risk:Flat-Bet,704,100,0,-176,-5.867,23.844,,,
Low_Risk:Flat-Bet,705,100,0,-173,-5.767,18.116,,,
Low_Risk:Flat-Bet,706,100,0,-223,-7.433,25.426,,,
Low_Risk:Flat-Bet,707,100,0,-178,-5.933,41.375,,,
Low_Risk:Flat-Bet,708,100,0,-161,-5.367,21.137,,,
Low_Risk:Flat-Bet,709,100,0,-234,-7.8,21.614,,,
Low_Risk:Flat-Bet,710,100,0,-194,-6.467,22.189,,,
Low_Risk:Flat-Bet,711,100,0,-184,-6.133,18.533,,,
Low_Risk:Flat-Bet,712,100,0,-197,-6.567,11.84,,,
Low_Risk:Flat-Bet,713,100,0,-167,-5.567,41.082,,,
Low_Risk:Flat-Bet,714,100,0,-226,-7.533,22.74,,,
Low_Risk:Flat-Bet,715,100,0,-197,-6.567,25.151,,,
Low_Risk:Flat-Bet,716,100,0,-226,-7.533,19.499,,,
Low_Risk:Flat-Bet,717,100,0,-190,-6.333,25.057,,,
Low_Risk:Flat-Bet,718,100,0,-196,-6.533,25.223,,,
Low_Risk:Flat-Bet,719,100,0,-198,-6.6,30.248,,,
Low_Risk:Flat-Bet,720,100,0,-189,-6.3,25.803,,,
Low_Risk:Flat-Bet,721,100,0,-153,-5.1,19.472,,,
Low_Risk:Flat-Bet,722,100,0,-244,-8.133,16.74,,,
Low_Risk:Flat-Bet,723,100,0,-197,-6.567,18.599,,,
Low_Risk:Flat-Bet,724,100,0,-209,-6.967,32.033,,,
Low_Risk:Flat-Bet,725,100,0,-207,-6.9,21.128,,,
Low_Risk:Flat-Bet,726,100,0,-248,-8.267,22.064,,,
Low_Risk:Flat-Bet,727,100,0,-251,-8.367,29.689,,,
Low_Risk:Flat-Bet,728,100,0,-207,-6.9,21.817,,,
Low_Risk:Flat-Bet,729,100,0,-207,-6.9,26.231,,,
Low_Risk:Flat-Bet,730,100,0,-188,-6.267,40.133,,,
Low_Risk:Flat-Bet,731,100,0,-238,-7.933,49.099,,,
Low_Risk:Flat-Bet,732,100,0,-178,-5.933,25.857,,,
Low_Risk:Flat-Bet,733,100,0,-186,-6.2,17.683,,,
Low_Risk:Flat-Bet,734,100,0,-195,-6.5,26.672,,,
Low_Risk:Flat-Bet,735,100,0,-206,-6.867,23.499,,,
Low_Risk:Flat-Bet,736,100,0,-178,-5.933,38.823,,,
Low_Risk:Flat-Bet,737,100,0,-235,-7.833,24.695,,,
Low_Risk:Flat-Bet,738,100,0,-182,-6.067,23.789,,,
Low_Risk:Flat-Bet,739,100,0,-178,-5.933,29.306,,,
Low_Risk:Flat-Bet,740,100,0,-188,-6.267,39.237,,,
Low_Risk:Flat-Bet,741,100,0,-194,-6.467,36.671,,,
Low_Risk:Flat-Bet,742,100,0,-201,-6.7,22.907,,,
Low_Risk:Flat-Bet,743,100,0,-212,-7.067,37.582,,,
Low_Risk:Flat-Bet,744,100,0,-195,-6.5,17.5,,,
Low_Risk:Flat-Bet,745,100,0,-211,-7.033,24.033,,,
Low_Risk:Flat-Bet,746,100,0,-239,-7.967,30.516,,,
Low_Risk:Flat-Bet,747,100,0,-219,-7.3,18.769,,,
Low_Risk:Flat-Bet,748,100,0,-210,-7,28.276,,,
Low_Risk:Flat-Bet,749,100,0,-185,-6.167,21.523,,,
Low_Risk:Flat-Bet,750,100,0,-193,-6.433,31.151,,,
Low_Risk:Flat-Bet,751,100,0,-201,-6.7,14.493,,,
Low_Risk:Flat-Bet,752,100,0,-196,-6.533,27.844,,,
Low_Risk:Flat-Bet,753,100,0,-189,-6.3,36.769,,,
Low_Risk:Flat-Bet,754,100,0,-194,-6.467,18.395,,,
Low_Risk:Flat-Bet,755,100,0,-176,-5.867,14.602,,,
Low_Risk:Flat-Bet,756,100,0,-190,-6.333,32.437,,,
Low_Risk:Flat-Bet,757,100,0,-217,-7.233,27.495,,,
Low_Risk:Flat-Bet,758,100,0,-250,-8.333,19.471,,,
Low_Risk:Flat-Bet,759,100,0,-227,-7.567,15.978,,,
Low_Risk:Flat-Bet,760,100,0,-206,-6.867,24.947,,,
Low_Risk:Flat-Bet,761,100,0,-233,-7.767,45.013,,,
Low_Risk:Flat-Bet,762,100,0,-184,-6.133,37.499,,,
Low_Risk:Flat-Bet,763,100,0,-172,-5.733,27.237,,,
Low_Risk:Flat-Bet,764,100,0,-252,-8.4,22.179,,,
Low_Risk:Flat-Bet,765,100,0,-240,-8,20.828,,,
Low_Risk:Flat-Bet,766,100,0,-223,-7.433,24.461,,,
Low_Risk:Flat-Bet,767,100,0,-207,-6.9,28.921,,,
Low_Risk:Flat-Bet,768,100,0,-229,-7.633,32.033,,,
Low_Risk:Flat-Bet,769,100,0,-182,-6.067,21.926,,,
Low_Risk:Flat-Bet,770,100,0,-208,-6.933,30.064,,,
Low_Risk:Flat-Bet,771,100,0,-186,-6.2,26.717,,,
Low_Risk:Flat-Bet,772,100,0,-200,-6.667,34.575,,,
Low_Risk:Flat-Bet,773,100,0,-220,-7.333,24.368,,,
Low_Risk:Flat-Bet,774,100,0,-203,-6.767,33.771,,,
Low_Risk:Flat-Bet,775,100,0,-145,-4.833,27.385,,,
Low_Risk:Flat-Bet,776,100,0,-201,-6.7,23.528,,,
Low_Risk:Flat-Bet,777,100,0,-165,-5.5,17.569,,,
Low_Risk:Flat-Bet,778,100,0,-169,-5.633,30.861,,,
Low_Risk:Flat-Bet,779,100,0,-156,-5.2,29.338,,,
Low_Risk:Flat-Bet,780,100,0,-226,-7.533,14.12,,,
Low_Risk:Flat-Bet,781,100,0,-222,-7.4,36.455,,,
Low_Risk:Flat-Bet,782,100,0,-194,-6.467,27.706,,,
Low_Risk:Flat-Bet,783,100,0,-186,-6.2,26.441,,,
Low_Risk:Flat-Bet,784,100,0,-225,-7.5,28.672,,,
Low_Risk:Flat-Bet,785,100,0,-178,-5.933,25.926,,,
Low_Risk:Flat-Bet,786,100,0,-250,-8.333,20.851,,,
Low_Risk:Flat-Bet,787,100,0,-202,-6.733,34.409,,,
Low_Risk:Flat-Bet,788,100,0,-215,-7.167,23.385,,,
Low_Risk:Flat-Bet,789,100,0,-196,-6.533,25.085,,,
Low_Risk:Flat-Bet,790,100,0,-149,-4.967,28.378,,,
Low_Risk:Flat-Bet,791,100,0,-217,-7.233,24.806,,,
Low_Risk:Flat-Bet,792,100,0,-195,-6.5,42.741,,,
Low_Risk:Flat-Bet,793,100,0,-174,-5.8,24.441,,,
Low_Risk:Flat-Bet,794,100,0,-152,-5.067,24.133,,,
Low_Risk:Flat-Bet,795,100,0,-183,-6.1,19.128,,,
Low_Risk:Flat-Bet,796,100,0,-196,-6.533,32.189,,,
Low_Risk:Flat-Bet,797,100,0,-211,-7.033,15.068,,,
Low_Risk:Flat-Bet,798,100,0,-145,-4.833,31.178,,,
Low_Risk:Flat-Bet,799,100,0,-182,-6.067,38.409,,,
Low_Risk:Flat-Bet,800,100,0,-159,-5.3,20.424,,,
Low_Risk:Flat-Bet,801,100,0,-201,-6.7,22.148,,,
Low_Risk:Flat-Bet,802,100,0,-148,-4.933,12.202,,,
Low_Risk:Flat-Bet,803,100,0,-184,-6.133,17.706,,,
Low_Risk:Flat-Bet,804,100,0,-203,-6.767,19.909,,,
Low_Risk:Flat-Bet,805,100,0,-226,-7.533,39.844,,,
Low_Risk:Flat-Bet,806,100,0,-204,-6.8,24.51,,,
Low_Risk:Flat-Bet,807,100,0,-213,-7.1,37.197,,,
Low_Risk:Flat-Bet,808,100,0,-193,-6.433,15.702,,,
Low_Risk:Flat-Bet,809,100,0,-224,-7.467,32.12,,,
Low_Risk:Flat-Bet,810,100,0,-173,-5.767,15.909,,,
Low_Risk:Flat-Bet,811,100,0,-218,-7.267,26.892,,,
Low_Risk:Flat-Bet,812,100,0,-239,-7.967,34.516,,,
Low_Risk:Flat-Bet,813,100,0,-222,-7.4,38.8,,,
Low_Risk:Flat-Bet,814,100,0,-198,-6.6,17.352,,,
Low_Risk:Flat-Bet,815,100,0,-183,-6.1,30.162,,,
Low_Risk:Flat-Bet,816,100,0,-233,-7.767,19.495,,,
Low_Risk:Flat-Bet,817,100,0,-182,-6.067,27.099,,,
Low_Risk:Flat-Bet,818,100,0,-226,-7.533,35.085,,,
Low_Risk:Flat-Bet,819,100,0,-207,-6.9,22.507,,,
Low_Risk:Flat-Bet,820,100,0,-220,-7.333,28.299,,,
Low_Risk:Flat-Bet,821,100,0,-133,-4.433,31.082,,,
Low_Risk:Flat-Bet,822,100,0,-242,-8.067,26.271,,,
Low_Risk:Flat-Bet,823,100,0,-172,-5.733,22.064,,,
Low_Risk:Flat-Bet,824,100,0,-187,-6.233,22.116,,,
Low_Risk:Flat-Bet,825,100,0,-213,-7.1,40.093,,,
Low_Risk:Flat-Bet,826,100,0,-200,-6.667,30.023,,,
Low_Risk:Flat-Bet,827,100,0,-203,-6.767,21.909,,,
Low_Risk:Flat-Bet,828,100,0,-207,-6.9,24.438,,,
Low_Risk:Flat-Bet,829,100,0,-128,-4.267,19.651,,,
Low_Risk:Flat-Bet,830,100,0,-180,-6,26.897,,,
Low_Risk:Flat-Bet,831,100,0,-176,-5.867,25.637,,,
Low_Risk:Flat-Bet,832,100,0,-204,-6.8,27.752,,,
Low_Risk:Flat-Bet,833,100,0,-208,-6.933,31.789,,,
Low_Risk:Flat-Bet,834,100,0,-170,-5.667,25.195,,,
Low_Risk:Flat-Bet,835,100,0,-170,-5.667,18.851,,,
Low_Risk:Flat-Bet,836,100,0,-138,-4.6,26.386,,,
Low_Risk:Flat-Bet,837,100,0,-206,-6.867,19.913,,,
Low_Risk:Flat-Bet,838,100,0,-207,-6.9,22.024,,,
Low_Risk:Flat-Bet,839,100,0,-226,-7.533,32.533,,,
Low_Risk:Flat-Bet,840,100,0,-267,-8.9,19.886,,,
Low_Risk:Flat-Bet,841,100,0,-174,-5.8,27.476,,,
Low_Risk:Flat-Bet,842,100,0,-183,-6.1,41.472,,,
Low_Risk:Flat-Bet,843,100,0,-147,-4.9,18.024,,,
Low_Risk:Flat-Bet,844,100,0,-200,-6.667,26.23,,,
Low_Risk:Flat-Bet,845,100,0,-183,-6.1,29.334,,,
Low_Risk:Flat-Bet,846,100,0,-202,-6.733,31.857,,,
Low_Risk:Flat-Bet,847,100,0,-230,-7.667,27.885,,,
Low_Risk:Flat-Bet,848,100,0,-186,-6.2,13.269,,,
Low_Risk:Flat-Bet,849,100,0,-229,-7.633,28.792,,,
Low_Risk:Flat-Bet,850,100,0,-214,-7.133,22.671,,,
Low_Risk:Flat-Bet,851,100,0,-170,-5.667,37.264,,,
Low_Risk:Flat-Bet,852,100,0,-205,-6.833,27.523,,,
Low_Risk:Flat-Bet,853,100,0,-218,-7.267,30.685,,,
Low_Risk:Flat-Bet,854,100,0,-215,-7.167,28.626,,,
Low_Risk:Flat-Bet,855,100,0,-173,-5.767,23.495,,,
Low_Risk:Flat-Bet,856,100,0,-181,-6.033,21.551,,,
Low_Risk:Flat-Bet,857,100,0,-250,-8.333,25.816,,,
Low_Risk:Flat-Bet,858,100,0,-184,-6.133,42.189,,,
Low_Risk:Flat-Bet,859,100,0,-185,-6.167,27.868,,,
Low_Risk:Flat-Bet,860,100,0,-163,-5.433,26.737,,,
Low_Risk:Flat-Bet,861,100,0,-212,-7.067,21.582,,,
Low_Risk:Flat-Bet,862,100,0,-226,-7.533,13.085,,,
Low_Risk:Flat-Bet,863,100,0,-198,-6.6,33.697,,,
Low_Risk:Flat-Bet,864,100,0,-199,-6.633,34.723,,,
Low_Risk:Flat-Bet,865,100,0,-172,-5.733,34.616,,,
Low_Risk:Flat-Bet,866,100,0,-219,-7.3,29.666,,,
Low_Risk:Flat-Bet,867,100,0,-211,-7.033,22.171,,,
Low_Risk:Flat-Bet,868,100,0,-179,-5.967,21.275,,,
Low_Risk:Flat-Bet,869,100,0,-201,-6.7,21.321,,,
Low_Risk:Flat-Bet,870,100,0,-185,-6.167,20.144,,,
Low_Risk:Flat-Bet,871,100,0,-169,-5.633,26.378,,,
Low_Risk:Flat-Bet,872,100,0,-236,-7.867,24.464,,,
Low_Risk:Flat-Bet,873,100,0,-257,-8.567,27.013,,,
Low_Risk:Flat-Bet,874,100,0,-198,-6.6,26.593,,,
Low_Risk:Flat-Bet,875,100,0,-191,-6.367,34.102,,,
Low_Risk:Flat-Bet,876,100,0,-204,-6.8,33.752,,,
Low_Risk:Flat-Bet,877,100,0,-224,-7.467,31.775,,,
Low_Risk:Flat-Bet,878,100,0,-242,-8.067,50.478,,,
Low_Risk:Flat-Bet,879,100,0,-183,-6.1,18.714,,,
Low_Risk:Flat-Bet,880,100,0,-236,-7.867,25.223,,,
Low_Risk:Flat-Bet,881,100,0,-238,-7.933,32.202,,,
Low_Risk:Flat-Bet,882,100,0,-188,-6.267,39.444,,,
Low_Risk:Flat-Bet,883,100,0,-188,-6.267,21.513,,,
Low_Risk:Flat-Bet,884,100,0,-232,-7.733,38.064,,,
Low_Risk:Flat-Bet,885,100,0,-191,-6.367,23.206,,,
Low_Risk:Flat-Bet,886,100,0,-198,-6.6,29.214,,,
Low_Risk:Flat-Bet,887,100,0,-243,-8.1,27.472,,,
Low_Risk:Flat-Bet,888,100,0,-211,-7.033,28.93,,,
Low_Risk:Flat-Bet,889,100,0,-185,-6.167,18.351,,,
Low_Risk:Flat-Bet,890,100,0,-167,-5.567,28.944,,,
Low_Risk:Flat-Bet,891,100,0,-196,-6.533,22.189,,,
Low_Risk:Flat-Bet,892,100,0,-210,-7,32.897,,,
Low_Risk:Flat-Bet,893,100,0,-231,-7.7,39.321,,,
Low_Risk:Flat-Bet,894,100,0,-243,-8.1,17.128,,,
Low_Risk:Flat-Bet,895,100,0,-187,-6.233,36.461,,,
Low_Risk:Flat-Bet,896,100,0,-167,-5.567,37.978,,,
Low_Risk:Flat-Bet,897,100,0,-198,-6.6,15.007,,,
Low_Risk:Flat-Bet,898,100,0,-170,-5.667,26.023,,,
Low_Risk:Flat-Bet,899,100,0,-170,-5.667,37.264,,,
Low_Risk:Flat-Bet,900,100,0,-162,-5.4,23.076,,,
Low_Risk:Flat-Bet,901,100,0,-175,-5.833,16.489,,,
Low_Risk:Flat-Bet,902,100,0,-196,-6.533,29.844,,,
Low_Risk:Flat-Bet,903,100,0,-226,-7.533,30.395,,,
Low_Risk:Flat-Bet,904,100,0,-164,-5.467,17.361,,,
Low_Risk:Flat-Bet,905,100,0,-220,-7.333,20.989,,,
Low_Risk:Flat-Bet,906,100,0,-218,-7.267,29.995,,,
Low_Risk:Flat-Bet,907,100,0,-194,-6.467,20.326,,,
Low_Risk:Flat-Bet,908,100,0,-191,-6.367,32.171,,,
Low_Risk:Flat-Bet,909,100,0,-164,-5.467,21.361,,,
Low_Risk:Flat-Bet,910,100,0,-139,-4.633,35.413,,,
Low_Risk:Flat-Bet,911,100,0,-227,-7.567,19.702,,,
Low_Risk:Flat-Bet,912,100,0,-194,-6.467,29.292,,,
Low_Risk:Flat-Bet,913,100,0,-191,-6.367,35.482,,,
Low_Risk:Flat-Bet,914,100,0,-171,-5.7,16.631,,,
Low_Risk:Flat-Bet,915,100,0,-186,-6.2,31.545,,,
Low_Risk:Flat-Bet,916,100,0,-128,-4.267,22.202,,,
Low_Risk:Flat-Bet,917,100,0,-157,-5.233,33.909,,,
Low_Risk:Flat-Bet,918,100,0,-153,-5.1,29.955,,,
Low_Risk:Flat-Bet,919,100,0,-206,-6.867,22.602,,,
Low_Risk:Flat-Bet,920,100,0,-238,-7.933,19.168,,,
Low_Risk:Flat-Bet,921,100,0,-197,-6.567,18.461,,,
Low_Risk:Flat-Bet,922,100,0,-162,-5.4,27.214,,,
Low_Risk:Flat-Bet,923,100,0,-208,-6.933,13.444,,,
Low_Risk:Flat-Bet,924,100,0,-177,-5.9,28.3,,,
Low_Risk:Flat-Bet,925,100,0,-240,-8,43.241,,,
Low_Risk:Flat-Bet,926,100,0,-219,-7.3,26.562,,,
Low_Risk:Flat-Bet,927,100,0,-201,-6.7,46.562,,,
Low_Risk:Flat-Bet,928,100,0,-245,-8.167,18.626,,,
Low_Risk:Flat-Bet,929,100,0,-185,-6.167,35.385,,,
Low_Risk:Flat-Bet,930,100,0,-199,-6.633,33.551,,,
Low_Risk:Flat-Bet,931,100,0,-174,-5.8,32.51,,,
Low_Risk:Flat-Bet,932,100,0,-170,-5.667,18.368,,,
Low_Risk:Flat-Bet,933,100,0,-205,-6.833,15.247,,,
Low_Risk:Flat-Bet,934,100,0,-238,-7.933,36.892,,,
Low_Risk:Flat-Bet,935,100,0,-171,-5.7,23.597,,,
Low_Risk:Flat-Bet,936,100,0,-199,-6.633,25.895,,,
Low_Risk:Flat-Bet,937,100,0,-201,-6.7,24.01,,,
Low_Risk:Flat-Bet,938,100,0,-200,-6.667,16.575,,,
Low_Risk:Flat-Bet,939,100,0,-175,-5.833,15.523,,,
Low_Risk:Flat-Bet,940,100,0,-215,-7.167,35.937,,,
Low_Risk:Flat-Bet,941,100,0,-172,-5.733,17.72,,,
Low_Risk:Flat-Bet,942,100,0,-157,-5.233,37.151,,,
Low_Risk:Flat-Bet,943,100,0,-152,-5.067,25.03,,,
Low_Risk:Flat-Bet,944,100,0,-151,-5.033,20.378,,,
Low_Risk:Flat-Bet,945,100,0,-217,-7.233,29.564,,,
Low_Risk:Flat-Bet,946,100,0,-227,-7.567,21.289,,,
Low_Risk:Flat-Bet,947,100,0,-223,-7.433,32.599,,,
Low_Risk:Flat-Bet,948,100,0,-213,-7.1,23.679,,,
Low_Risk:Flat-Bet,949,100,0,-167,-5.567,34.944,,,
Low_Risk:Flat-Bet,950,100,0,-170,-5.667,28.713,,,
Low_Risk:Flat-Bet,951,100,0,-213,-7.1,43.059,,,
Low_Risk:Flat-Bet,952,100,0,-194,-6.467,18.809,,,
Low_Risk:Flat-Bet,953,100,0,-231,-7.7,30.01,,,
Low_Risk:Flat-Bet,954,100,0,-180,-6,25.31,,,
Low_Risk:Flat-Bet,955,100,0,-200,-6.667,32.644,,,
Low_Risk:Flat-Bet,956,100,0,-240,-8,42.759,,,
Low_Risk:Flat-Bet,957,100,0,-207,-6.9,34.438,,,
Low_Risk:Flat-Bet,958,100,0,-183,-6.1,33.817,,,
Low_Risk:Flat-Bet,959,100,0,-264,-8.8,16.993,,,
Low_Risk:Flat-Bet,960,100,0,-141,-4.7,23.114,,,
Low_Risk:Flat-Bet,961,100,0,-175,-5.833,37.868,,,
Low_Risk:Flat-Bet,962,100,0,-237,-7.9,24.507,,,
Low_Risk:Flat-Bet,963,100,0,-172,-5.733,29.375,,,
Low_Risk:Flat-Bet,964,100,0,-185,-6.167,27.247,,,
Low_Risk:Flat-Bet,965,100,0,-202,-6.733,23.72,,,
Low_Risk:Flat-Bet,966,100,0,-238,-7.933,34.616,,,
Low_Risk:Flat-Bet,967,100,0,-159,-5.3,29.528,,,
Low_Risk:Flat-Bet,968,100,0,-166,-5.533,39.844,,,
Low_Risk:Flat-Bet,969,100,0,-209,-6.967,26.999,,,
Low_Risk:Flat-Bet,970,100,0,-212,-7.067,19.237,,,
Low_Risk:Flat-Bet,971,100,0,-224,-7.467,19.154,,,
Low_Risk:Flat-Bet,972,100,0,-143,-4.767,27.909,,,
Low_Risk:Flat-Bet,973,100,0,-220,-7.333,28.368,,,
Low_Risk:Flat-Bet,974,100,0,-181,-6.033,35.482,,,
Low_Risk:Flat-Bet,975,100,0,-194,-6.467,20.809,,,
Low_Risk:Flat-Bet,976,100,0,-219,-7.3,36.769,,,
Low_Risk:Flat-Bet,977,100,0,-217,-7.233,18.392,,,
Low_Risk:Flat-Bet,978,100,0,-207,-6.9,24.231,,,
Low_Risk:Flat-Bet,979,100,0,-194,-6.467,28.257,,,
Low_Risk:Flat-Bet,980,100,0,-167,-5.567,18.323,,,
Low_Risk:Flat-Bet,981,100,0,-191,-6.367,23.551,,,
Low_Risk:Flat-Bet,982,100,0,-186,-6.2,24.786,,,
Low_Risk:Flat-Bet,983,100,0,-123,-4.1,26.99,,,
Low_Risk:Flat-Bet,984,100,0,-144,-4.8,22.303,,,
Low_Risk:Flat-Bet,985,100,0,-210,-7,32.414,,,
Low_Risk:Flat-Bet,986,100,0,-197,-6.567,28.806,,,
Low_Risk:Flat-Bet,987,100,0,-144,-4.8,35.683,,,
Low_Risk:Flat-Bet,988,100,0,-187,-6.233,25.013,,,
Low_Risk:Flat-Bet,989,100,0,-164,-5.467,27.913,,,
Low_Risk:Flat-Bet,990,100,0,-198,-6.6,20.662,,,
Low_Risk:Flat-Bet,991,100,0,-207,-6.9,21.748,,,
Low_Risk:Flat-Bet,992,100,0,-199,-6.633,27.826,,,
Low_Risk:Flat-Bet,993,100,0,-203,-6.767,31.564,,,
Low_Risk:Flat-Bet,994,100,0,-235,-7.833,25.661,,,
Low_Risk:Flat-Bet,995,100,0,-211,-7.033,32.447,,,
Low_Risk:Flat-Bet,996,100,0,-171,-5.7,14.631,,,
Low_Risk:Flat-Bet,997,100,0,-163,-5.433,20.875,,,
Low_Risk:Flat-Bet,998,100,0,-170,-5.667,42.92,,,
Low_Risk:Flat-Bet,999,100,0,-177,-5.9,19.403,,,