Player,replication,avg_num_rounds,variance_rounds,sum_profits,mean_day_profits,variance_profits,,fibonacci mean day profit,,,fibonacci mean sum profits,
Moderate_Risk:Fibonacci,0,49.367,1027.826,-886,-29.533,30212.533,,,,,,
Moderate_Risk:Fibonacci,1,45.8,710.717,-2107,-70.233,14213.357,,Mean,-26.295361,,Mean,-788.861
Moderate_Risk:Fibonacci,2,44.333,815.471,-1568,-52.267,34433.03,,Standard Error,1.14608675,,Standard Error,34.38259887
Moderate_Risk:Fibonacci,3,56.867,938.947,-1172,-39.067,27171.168,,Median,-30.883,,Median,-926.5
Moderate_Risk:Fibonacci,4,52.333,987.471,277,9.233,95839.151,,Mode,-100,,Mode,-3000
Moderate_Risk:Fibonacci,5,47,629.31,-2013,-67.1,15963.197,,Standard Deviation,36.24244527,,Standard Deviation,1087.273243
Moderate_Risk:Fibonacci,6,56.167,923.868,-697,-23.233,20968.185,,Sample Variance,1313.514839,,Sample Variance,1182163.105
Moderate_Risk:Fibonacci,7,45.167,783.868,-1249,-41.633,23164.447,,Kurtosis,1.13867543,,Kurtosis,1.138671169
Moderate_Risk:Fibonacci,8,48.1,950.645,-1050,-35,28327.517,,Skewness,0.747655901,,Skewness,0.747655343
Moderate_Risk:Fibonacci,9,54.967,795.413,-1654,-55.133,15046.878,,Range,259.467,,Range,7784
Moderate_Risk:Fibonacci,10,54.467,1149.016,21,0.7,34341.183,,Minimum,-100,,Minimum,-3000
Moderate_Risk:Fibonacci,11,40.633,939.62,-1185,-39.5,31001.983,,Maximum,159.467,,Maximum,4784
Moderate_Risk:Fibonacci,12,53.7,950.286,-758,-25.267,26432.754,,Sum,-26295.361,,Sum,-788861
Moderate_Risk:Fibonacci,13,54.233,1065.909,-204,-6.8,47429.752,,Count,1000,,Count,1000
Moderate_Risk:Fibonacci,14,56.333,909.471,-539,-17.967,37071.964,,,,,,
Moderate_Risk:Fibonacci,15,49,1114.897,51,1.7,55906.493,,,,,,
Moderate_Risk:Fibonacci,16,41.733,787.375,-1465,-48.833,19740.902,,,,,,
Moderate_Risk:Fibonacci,17,51.5,960.121,214,7.133,64414.809,,,,,,
Moderate_Risk:Fibonacci,18,50.433,1013.495,-23,-0.767,40101.426,,,,,,
Moderate_Risk:Fibonacci,19,48.267,984.892,-994,-33.133,29316.947,,,,,,
Moderate_Risk:Fibonacci,20,47.167,1089.868,-887,-29.567,38668.254,,,,,,
Moderate_Risk:Fibonacci,21,47.467,868.878,-1978,-65.933,22099.444,,,,,,
Moderate_Risk:Fibonacci,22,47.233,944.737,-1793,-59.767,15804.806,,,,,,
Moderate_Risk:Fibonacci,23,50.233,1098.323,115,3.833,47832.764,,,,,,
Moderate_Risk:Fibonacci,24,49.467,885.085,-1937,-64.567,8457.426,,,,,,
Moderate_Risk:Fibonacci,25,46.433,983.357,469,15.633,164385.757,,,,,,
Moderate_Risk:Fibonacci,26,57.433,1165.426,1325,44.167,81203.799,,,,,,
Moderate_Risk:Fibonacci,27,52.433,954.392,277,9.233,59575.702,,,,,,
Moderate_Risk:Fibonacci,28,56.767,1098.254,931,31.033,53034.723,,,,,,
Moderate_Risk:Fibonacci,29,54.067,1035.03,-1386,-46.2,15564.924,,,,,,
Moderate_Risk:Fibonacci,30,55.8,980.028,-543,-18.1,38504.231,,,,,,
Moderate_Risk:Fibonacci,31,62.767,897.151,-345,-11.5,38619.293,,,,,,
Moderate_Risk:Fibonacci,32,47.067,770.823,-1927,-64.233,20370.737,,,,,,
Moderate_Risk:Fibonacci,33,48.433,900.461,-942,-31.4,46082.593,,,,,,
Moderate_Risk:Fibonacci,34,52.5,894.121,141,4.7,57745.459,,,,,,
Moderate_Risk:Fibonacci,35,54,1236.069,-1117,-37.233,14830.392,,,,,,
Moderate_Risk:Fibonacci,36,43.267,694.892,-2693,-89.767,2709.22,,,,,,
Moderate_Risk:Fibonacci,37,52.133,805.361,-1897,-63.233,9271.151,,,,,,
Moderate_Risk:Fibonacci,38,42.6,814.179,-648,-21.6,43802.8,,,,,,
Moderate_Risk:Fibonacci,39,52.7,1030.217,-114,-3.8,34472.648,,,,,,
Moderate_Risk:Fibonacci,40,45.867,1107.223,-825,-27.5,28806.879,,,,,,
Moderate_Risk:Fibonacci,41,54.033,693.206,-430,-14.333,41479.885,,,,,,
Moderate_Risk:Fibonacci,42,54.833,976.833,-443,-14.767,25277.495,,,,,,
Moderate_Risk:Fibonacci,43,49.133,1110.671,-469,-15.633,43496.723,,,,,,
Moderate_Risk:Fibonacci,44,46.2,1039.614,-1017,-33.9,24478.3,,,,,,
Moderate_Risk:Fibonacci,45,45.567,677.978,-2351,-78.367,14040.033,,,,,,
Moderate_Risk:Fibonacci,46,48.267,826.409,-1542,-51.4,19141.559,,,,,,
Moderate_Risk:Fibonacci,47,59.433,1000.461,-103,-3.433,33404.599,,,,,,
Moderate_Risk:Fibonacci,48,56.2,945.683,-77,-2.567,45251.702,,,,,,
Moderate_Risk:Fibonacci,49,54.933,1178.064,-360,-12,28691.379,,,,,,
Moderate_Risk:Fibonacci,50,59.9,951.059,-477,-15.9,49381.266,,,,,,
Moderate_Risk:Fibonacci,51,43.367,826.24,-2201,-73.367,6905.137,,,,,,
Moderate_Risk:Fibonacci,52,39.1,987.472,-1982,-66.067,11533.168,,,,,,
Moderate_Risk:Fibonacci,53,59.6,1301.076,431,14.367,28971.482,,,,,,
Moderate_Risk:Fibonacci,54,46.033,1038.378,357,11.9,88075.748,,,,,,
Moderate_Risk:Fibonacci,55,44.733,1081.513,-43,-1.433,50116.461,,,,,,
Moderate_Risk:Fibonacci,56,43.7,844.976,-1607,-53.567,15600.047,,,,,,
Moderate_Risk:Fibonacci,57,63.2,1087.476,-352,-11.733,31932.616,,,,,,
Moderate_Risk:Fibonacci,58,49.233,938.53,-232,-7.733,94350.754,,,,,,
Moderate_Risk:Fibonacci,59,60.467,947.085,280,9.333,37520.023,,,,,,
Moderate_Risk:Fibonacci,60,53.233,968.599,-213,-7.1,43499.817,,,,,,
Moderate_Risk:Fibonacci,61,49.667,985.678,448,14.933,54351.995,,,,,,
Moderate_Risk:Fibonacci,62,60.833,1261.73,-35,-1.167,34735.523,,,,,,
Moderate_Risk:Fibonacci,63,49.8,882.855,-608,-20.267,41949.651,,,,,,
Moderate_Risk:Fibonacci,64,49,881.517,-1250,-41.667,25727.954,,,,,,
Moderate_Risk:Fibonacci,65,56.367,860.792,-1505,-50.167,14018.557,,,,,,
Moderate_Risk:Fibonacci,66,43.967,786.447,-1689,-56.3,18783.114,,,,,,
Moderate_Risk:Fibonacci,67,53.5,923.707,-179,-5.967,70969.137,,,,,,
Moderate_Risk:Fibonacci,68,53.533,872.74,114,3.8,72925.959,,,,,,
Moderate_Risk:Fibonacci,69,51.1,863.197,-35,-1.167,127628.351,,,,,,
Moderate_Risk:Fibonacci,70,49.5,776.397,-1224,-40.8,25349.338,,,,,,
Moderate_Risk:Fibonacci,71,44.5,984.052,-2004,-66.8,18027.545,,,,,,
Moderate_Risk:Fibonacci,72,48.267,1052.133,-1695,-56.5,13470.466,,,,,,
Moderate_Risk:Fibonacci,73,54.067,919.306,-1028,-34.267,65310.478,,,,,,
Moderate_Risk:Fibonacci,74,62.933,1096.271,1498,49.933,44877.513,,,,,,
Moderate_Risk:Fibonacci,75,51.633,772.861,-2242,-74.733,5947.513,,,,,,
Moderate_Risk:Fibonacci,76,43.9,958.714,-1166,-38.867,20843.016,,,,,,
Moderate_Risk:Fibonacci,77,57.4,1037.972,247,8.233,80871.289,,,,,,
Moderate_Risk:Fibonacci,78,46.167,786.006,-1148,-38.267,28153.513,,,,,,
Moderate_Risk:Fibonacci,79,53.567,1038.116,425,14.167,73005.247,,,,,,
Moderate_Risk:Fibonacci,80,54.467,999.016,-528,-17.6,44898.524,,,,,,
Moderate_Risk:Fibonacci,81,48.967,927.275,-1412,-47.067,39155.444,,,,,,
Moderate_Risk:Fibonacci,82,44.3,702.7,-1790,-59.667,20123.402,,,,,,
Moderate_Risk:Fibonacci,83,47.6,971.834,-854,-28.467,26818.809,,,,,,
Moderate_Risk:Fibonacci,84,46.3,893.597,-964,-32.133,29124.671,,,,,,
Moderate_Risk:Fibonacci,85,53.2,1000.372,-479,-15.967,56524.792,,,,,,
Moderate_Risk:Fibonacci,86,56.633,1141.137,-122,-4.067,33244.409,,,,,,
Moderate_Risk:Fibonacci,87,47.633,683.689,-1774,-59.133,21355.43,,,,,,
Moderate_Risk:Fibonacci,88,53.567,963.633,-31,-1.033,60584.378,,,,,,
Moderate_Risk:Fibonacci,89,53.467,1307.637,-160,-5.333,30159.678,,,,,,
Moderate_Risk:Fibonacci,90,57.533,864.051,56,1.867,69803.499,,,,,,
Moderate_Risk:Fibonacci,91,47.433,1138.254,915,30.5,138690.948,,,,,,
Moderate_Risk:Fibonacci,92,42.7,672.976,-1938,-64.6,37594.8,,,,,,
Moderate_Risk:Fibonacci,93,52.667,1314.575,741,24.7,60257.252,,,,,,
Moderate_Risk:Fibonacci,94,51.067,1047.72,391,13.033,76373.826,,,,,,
Moderate_Risk:Fibonacci,95,47.267,998.133,-1061,-35.367,33895.137,,,,,,
Moderate_Risk:Fibonacci,96,43.667,756.092,-1115,-37.167,53686.006,,,,,,
Moderate_Risk:Fibonacci,97,42.533,764.878,-1770,-59,31993.034,,,,,,
Moderate_Risk:Fibonacci,98,46.633,1083.344,2526,84.2,380777.2,,,,,,
Moderate_Risk:Fibonacci,99,50.733,914.892,-533,-17.767,42090.53,,,,,,
Moderate_Risk:Fibonacci,100,48.6,835.972,-1381,-46.033,20393.206,,,,,,
Moderate_Risk:Fibonacci,101,50.5,916.121,-1717,-57.233,26270.323,,,,,,
Moderate_Risk:Fibonacci,102,40.8,781.752,-2566,-85.533,6278.533,,,,,,
Moderate_Risk:Fibonacci,103,57.367,1005.137,-12,-0.4,42979.972,,,,,,
Moderate_Risk:Fibonacci,104,44.7,971.734,-1544,-51.467,18400.326,,,,,,
Moderate_Risk:Fibonacci,105,46.067,1171.651,-479,-15.967,30805.689,,,,,,
Moderate_Risk:Fibonacci,106,53.6,836.8,-1906,-63.533,9237.154,,,,,,
Moderate_Risk:Fibonacci,107,39.833,645.868,-1620,-54,23354.552,,,,,,
Moderate_Risk:Fibonacci,108,53.733,1105.03,343,11.433,38763.22,,,,,,
Moderate_Risk:Fibonacci,109,48.067,992.202,-1729,-57.633,12974.792,,,,,,
Moderate_Risk:Fibonacci,110,40.733,568.064,-3000,-100,0,,,,,,
Moderate_Risk:Fibonacci,111,47.467,871.568,-1181,-39.367,38660.033,,,,,,
Moderate_Risk:Fibonacci,112,54.567,830.323,-1316,-43.867,21820.189,,,,,,
Moderate_Risk:Fibonacci,113,43.767,489.426,-1789,-59.633,48884.033,,,,,,
Moderate_Risk:Fibonacci,114,47.3,918.631,-1691,-56.367,13961.344,,,,,,
Moderate_Risk:Fibonacci,115,44.633,650.447,-1577,-52.567,21718.944,,,,,,
Moderate_Risk:Fibonacci,116,58.7,1019.734,1129,37.633,81027.068,,,,,,
Moderate_Risk:Fibonacci,117,55.333,1228.023,1658,55.267,67240.133,,,,,,
Moderate_Risk:Fibonacci,118,47.667,952.851,-1521,-50.7,18194.217,,,,,,
Moderate_Risk:Fibonacci,119,43.267,809.237,-610,-20.333,155875.333,,,,,,
Moderate_Risk:Fibonacci,120,49.867,1175.154,574,19.133,53274.12,,,,,,
Moderate_Risk:Fibonacci,121,58.567,1048.254,743,24.767,64225.013,,,,,,
Moderate_Risk:Fibonacci,122,45.1,700.921,-1319,-43.967,48710.792,,,,,,
Moderate_Risk:Fibonacci,123,52.767,821.013,-1415,-47.167,21066.902,,,,,,
Moderate_Risk:Fibonacci,124,40.267,506.754,-2604,-86.8,3269.407,,,,,,
Moderate_Risk:Fibonacci,125,52.567,1090.53,1242,41.4,93543.903,,,,,,
Moderate_Risk:Fibonacci,126,50.9,901.128,-410,-13.667,49642.92,,,,,,
Moderate_Risk:Fibonacci,127,49.2,1075.476,-169,-5.633,45514.171,,,,,,
Moderate_Risk:Fibonacci,128,47.933,677.168,-326,-10.867,196849.568,,,,,,
Moderate_Risk:Fibonacci,129,48.633,695.482,-2011,-67.033,11201.964,,,,,,
Moderate_Risk:Fibonacci,130,50.533,813.292,282,9.4,125470.593,,,,,,
Moderate_Risk:Fibonacci,131,49.367,1200.792,2260,75.333,109066.644,,,,,,
Moderate_Risk:Fibonacci,132,46.433,1090.53,838,27.933,145607.995,,,,,,
Moderate_Risk:Fibonacci,133,54.633,914.861,-189,-6.3,46337.597,,,,,,
Moderate_Risk:Fibonacci,134,49.067,1021.857,-1755,-58.5,12663.707,,,,,,
Moderate_Risk:Fibonacci,135,50.5,970.672,190,6.333,136245.609,,,,,,
Moderate_Risk:Fibonacci,136,54.633,920.999,-268,-8.933,30188.202,,,,,,
Moderate_Risk:Fibonacci,137,50.7,722.7,-1544,-51.467,23999.499,,,,,,
Moderate_Risk:Fibonacci,138,46.767,985.978,81,2.7,91699.872,,,,,,
Moderate_Risk:Fibonacci,139,44.133,956.464,-765,-25.5,30810.948,,,,,,
Moderate_Risk:Fibonacci,140,48.867,1156.74,-606,-20.2,34733.89,,,,,,
Moderate_Risk:Fibonacci,141,56.533,1018.12,2053,68.433,100446.737,,,,,,
Moderate_Risk:Fibonacci,142,49.767,1017.426,891,29.7,157756.286,,,,,,
Moderate_Risk:Fibonacci,143,45.7,861.183,-1857,-61.9,14554.093,,,,,,
Moderate_Risk:Fibonacci,144,51.3,731.803,-2268,-75.6,9298.386,,,,,,
Moderate_Risk:Fibonacci,145,47.767,881.978,-1921,-64.033,12689.757,,,,,,
Moderate_Risk:Fibonacci,146,53.467,1016.189,-1036,-34.533,25625.016,,,,,,
Moderate_Risk:Fibonacci,147,51.167,1388.695,2759,91.967,151278.309,,,,,,
Moderate_Risk:Fibonacci,148,54.033,845.344,-269,-8.967,42392.24,,,,,,
Moderate_Risk:Fibonacci,149,47.6,975.628,-1447,-48.233,20476.392,,,,,,
Moderate_Risk:Fibonacci,150,43.167,705.661,-2276,-75.867,9825.637,,,,,,
Moderate_Risk:Fibonacci,151,51.133,1030.395,-832,-27.733,26041.168,,,,,,
Moderate_Risk:Fibonacci,152,46.667,1014.644,-1164,-38.8,30276.441,,,,,,
Moderate_Risk:Fibonacci,153,55.467,1056.878,1109,36.967,71509.068,,,,,,
Moderate_Risk:Fibonacci,154,46.167,694.144,-1910,-63.667,14251.402,,,,,,
Moderate_Risk:Fibonacci,155,44.367,1048.102,-2027,-67.567,10457.564,,,,,,
Moderate_Risk:Fibonacci,156,53.067,1028.202,-753,-25.1,26991.059,,,,,,
Moderate_Risk:Fibonacci,157,57.033,993.689,-728,-24.267,20685.237,,,,,,
Moderate_Risk:Fibonacci,158,44.333,826.782,-2304,-76.8,8123.545,,,,,,
Moderate_Risk:Fibonacci,159,53.3,1254.01,-206,-6.867,26561.982,,,,,,
Moderate_Risk:Fibonacci,160,46.567,912.599,563,18.767,138221.151,,,,,,
Moderate_Risk:Fibonacci,161,55,1158.621,346,11.533,53422.189,,,,,,
Moderate_Risk:Fibonacci,162,46.333,866.713,-1499,-49.967,17343.344,,,,,,
Moderate_Risk:Fibonacci,163,52.333,1092.782,-296,-9.867,42521.775,,,,,,
Moderate_Risk:Fibonacci,164,50.6,935.834,-613,-20.433,27575.013,,,,,,
Moderate_Risk:Fibonacci,165,53.6,961.559,-950,-31.667,21331.609,,,,,,
Moderate_Risk:Fibonacci,166,48.1,935.197,-726,-24.2,45077.752,,,,,,
Moderate_Risk:Fibonacci,167,54.967,953.689,-936,-31.2,25973.2,,,,,,
Moderate_Risk:Fibonacci,168,46.733,1035.03,-1032,-34.4,20840.317,,,,,,
Moderate_Risk:Fibonacci,169,49.2,864.51,-855,-28.5,43029.017,,,,,,
Moderate_Risk:Fibonacci,170,43.567,778.392,-1353,-45.1,21916.852,,,,,,
Moderate_Risk:Fibonacci,171,55.6,1089.559,-31,-1.033,36851.826,,,,,,
Moderate_Risk:Fibonacci,172,49.7,961.803,-1363,-45.433,20792.599,,,,,,
Moderate_Risk:Fibonacci,173,48.6,769.903,-2568,-85.6,6220.8,,,,,,
Moderate_Risk:Fibonacci,174,38.1,590.162,-1903,-63.433,20805.22,,,,,,
Moderate_Risk:Fibonacci,175,50.267,1184.754,-10,-0.333,36302.161,,,,,,
Moderate_Risk:Fibonacci,176,53.067,1159.995,-772,-25.733,24952.616,,,,,,
Moderate_Risk:Fibonacci,177,43.467,818.257,-1194,-39.8,38411.614,,,,,,
Moderate_Risk:Fibonacci,178,49.767,703.357,-1623,-54.1,40868.024,,,,,,
Moderate_Risk:Fibonacci,179,55.2,1016.648,612,20.4,53990.317,,,,,,
Moderate_Risk:Fibonacci,180,55.533,971.637,-1218,-40.6,26733.283,,,,,,
Moderate_Risk:Fibonacci,181,44.9,1091.334,-1502,-50.067,12973.306,,,,,,
Moderate_Risk:Fibonacci,182,53.067,1083.306,-221,-7.367,33679.826,,,,,,
Moderate_Risk:Fibonacci,183,53.367,1062.93,-623,-20.767,24998.944,,,,,,
Moderate_Risk:Fibonacci,184,52.267,1066.064,2251,75.033,442033.689,,,,,,
Moderate_Risk:Fibonacci,185,46.833,1095.316,-922,-30.733,26545.513,,,,,,
Moderate_Risk:Fibonacci,186,53.5,987.983,602,20.067,108458.754,,,,,,
Moderate_Risk:Fibonacci,187,59.167,966.764,-36,-1.2,59754.648,,,,,,
Moderate_Risk:Fibonacci,188,57.533,1013.913,1635,54.5,436335.362,,,,,,
Moderate_Risk:Fibonacci,189,52.3,961.252,-820,-27.333,34087.954,,,,,,
Moderate_Risk:Fibonacci,190,51.333,998.368,-1112,-37.067,18380.616,,,,,,
Moderate_Risk:Fibonacci,191,44.033,976.999,-1612,-53.733,14833.651,,,,,,
Moderate_Risk:Fibonacci,192,58.7,1100.01,-259,-8.633,40025.206,,,,,,
Moderate_Risk:Fibonacci,193,55,1078.69,1096,36.533,94753.499,,,,,,
Moderate_Risk:Fibonacci,194,54.3,1095.459,14,0.467,57218.602,,,,,,
Moderate_Risk:Fibonacci,195,49.833,1017.868,-185,-6.167,49722.557,,,,,,
Moderate_Risk:Fibonacci,196,47.533,1089.361,15,0.5,50029.086,,,,,,
Moderate_Risk:Fibonacci,197,51.467,1126.464,881,29.367,89370.102,,,,,,
Moderate_Risk:Fibonacci,198,51.967,1118.033,-1125,-37.5,18183.707,,,,,,
Moderate_Risk:Fibonacci,199,49.7,914.838,-1326,-44.2,21251.407,,,,,,
Moderate_Risk:Fibonacci,200,43.6,719.628,-2084,-69.467,8833.292,,,,,,
Moderate_Risk:Fibonacci,201,52.933,831.03,-1850,-61.667,10266.299,,,,,,
Moderate_Risk:Fibonacci,202,52.033,1060.861,-677,-22.567,34527.357,,,,,,
Moderate_Risk:Fibonacci,203,50.8,1092.303,-93,-3.1,43463.334,,,,,,
Moderate_Risk:Fibonacci,204,46.4,708.662,-1541,-51.367,50779.482,,,,,,
Moderate_Risk:Fibonacci,205,57.767,889.082,-999,-33.3,24156.217,,,,,,
Moderate_Risk:Fibonacci,206,57.933,739.857,407,13.567,79477.151,,,,,,
Moderate_Risk:Fibonacci,207,43.4,638.248,-1808,-60.267,15414.202,,,,,,
Moderate_Risk:Fibonacci,208,54.5,822.534,-1361,-45.367,29159.826,,,,,,
Moderate_Risk:Fibonacci,209,58.667,996.644,-832,-27.733,30141.444,,,,,,
Moderate_Risk:Fibonacci,210,46.067,864.685,-1761,-58.7,11713.941,,,,,,
Moderate_Risk:Fibonacci,211,44.733,1158.202,-1769,-58.967,12044.24,,,,,,
Moderate_Risk:Fibonacci,212,48.467,1047.154,-1511,-50.367,18360.999,,,,,,
Moderate_Risk:Fibonacci,213,48.133,542.947,-2478,-82.6,9082.8,,,,,,
Moderate_Risk:Fibonacci,214,50.9,1167.403,1031,34.367,59685.895,,,,,,
Moderate_Risk:Fibonacci,215,53.667,889.402,157,5.233,94254.323,,,,,,
Moderate_Risk:Fibonacci,216,47.7,892.148,-671,-22.367,38124.516,,,,,,
Moderate_Risk:Fibonacci,217,42.4,790.8,-760,-25.333,41145.678,,,,,,
Moderate_Risk:Fibonacci,218,54.7,935.803,-1515,-50.5,18092.259,,,,,,
Moderate_Risk:Fibonacci,219,55.267,1248.616,-440,-14.667,32321.54,,,,,,
Moderate_Risk:Fibonacci,220,54.9,1028.783,1619,53.967,112600.309,,,,,,
Moderate_Risk:Fibonacci,221,53.2,727.476,-248,-8.267,119077.237,,,,,,
Moderate_Risk:Fibonacci,222,46.033,853.275,-1149,-38.3,37549.045,,,,,,
Moderate_Risk:Fibonacci,223,43.867,844.189,-1201,-40.033,24313.551,,,,,,
Moderate_Risk:Fibonacci,224,46.533,1065.844,-1729,-57.633,24491.757,,,,,,
Moderate_Risk:Fibonacci,225,56.533,1174.878,660,22,40926.069,,,,,,
Moderate_Risk:Fibonacci,226,55.567,1110.53,814,27.133,61932.464,,,,,,
Moderate_Risk:Fibonacci,227,42.633,1048.24,-1304,-43.467,24025.292,,,,,,
Moderate_Risk:Fibonacci,228,49.233,1135.426,-1734,-57.8,13488.097,,,,,,
Moderate_Risk:Fibonacci,229,40.1,873.334,-1977,-65.9,12298.507,,,,,,
Moderate_Risk:Fibonacci,230,50.667,890.023,-1126,-37.533,30106.602,,,,,,
Moderate_Risk:Fibonacci,231,55.3,1029.941,-604,-20.133,28053.775,,,,,,
Moderate_Risk:Fibonacci,232,51.533,875.016,-1412,-47.067,31918.754,,,,,,
Moderate_Risk:Fibonacci,233,54.933,1016.202,-601,-20.033,23491.482,,,,,,
Moderate_Risk:Fibonacci,234,51.533,1179.223,-31,-1.033,52631.964,,,,,,
Moderate_Risk:Fibonacci,235,47.767,851.495,-1207,-40.233,21030.944,,,,,,
Moderate_Risk:Fibonacci,236,52.8,1015.269,-17,-0.567,54738.668,,,,,,
Moderate_Risk:Fibonacci,237,38.8,722.234,-2653,-88.433,4013.633,,,,,,
Moderate_Risk:Fibonacci,238,50.1,1144.231,-1490,-49.667,12336.437,,,,,,
Moderate_Risk:Fibonacci,239,52.067,832.478,-686,-22.867,43769.223,,,,,,
Moderate_Risk:Fibonacci,240,51.233,746.53,1156,38.533,285874.671,,,,,,
Moderate_Risk:Fibonacci,241,58,1023.379,-1025,-34.167,24613.316,,,,,,
Moderate_Risk:Fibonacci,242,47.367,1001.62,-1302,-43.4,24852.524,,,,,,
Moderate_Risk:Fibonacci,243,50.4,964.524,1376,45.867,137424.671,,,,,,
Moderate_Risk:Fibonacci,244,53.2,1065.062,-53,-1.767,36299.771,,,,,,
Moderate_Risk:Fibonacci,245,42.533,776.257,-1800,-60,18611.655,,,,,,
Moderate_Risk:Fibonacci,246,44.4,857.214,-1084,-36.133,34702.809,,,,,,
Moderate_Risk:Fibonacci,247,43.433,603.633,-2211,-73.7,11321.459,,,,,,
Moderate_Risk:Fibonacci,248,53.967,1106.723,-1459,-48.633,13827.137,,,,,,
Moderate_Risk:Fibonacci,249,51.633,899.964,-1821,-60.7,14860.217,,,,,,
Moderate_Risk:Fibonacci,250,55.767,1145.909,-186,-6.2,32897.062,,,,,,
Moderate_Risk:Fibonacci,251,40.9,641.403,-1365,-45.5,34084.672,,,,,,
Moderate_Risk:Fibonacci,252,53.2,1233.89,359,11.967,48914.309,,,,,,
Moderate_Risk:Fibonacci,253,47.1,844.438,-2707,-90.233,2781.909,,,,,,
Moderate_Risk:Fibonacci,254,60.6,1312.593,572,19.067,51602.202,,,,,,
Moderate_Risk:Fibonacci,255,54.733,1234.064,942,31.4,52001.697,,,,,,
Moderate_Risk:Fibonacci,256,52.967,1015.068,-1012,-33.733,25447.651,,,,,,
Moderate_Risk:Fibonacci,257,48.8,987.269,33,1.1,60084.024,,,,,,
Moderate_Risk:Fibonacci,258,49.733,1060.271,404,13.467,55427.361,,,,,,
Moderate_Risk:Fibonacci,259,53.5,1201.155,773,25.767,61550.737,,,,,,
Moderate_Risk:Fibonacci,260,51,1126.207,434,14.467,73263.016,,,,,,
Moderate_Risk:Fibonacci,261,49.267,1255.651,1626,54.2,176210.993,,,,,,
Moderate_Risk:Fibonacci,262,50.767,979.289,-994,-33.133,22682.189,,,,,,
Moderate_Risk:Fibonacci,263,45.567,1034.254,-1907,-63.567,12917.22,,,,,,
Moderate_Risk:Fibonacci,264,50.633,1107.206,-1254,-41.8,20176.372,,,,,,
Moderate_Risk:Fibonacci,265,53,902.414,-726,-24.2,25935.959,,,,,,
Moderate_Risk:Fibonacci,266,52,894.621,-1054,-35.133,32247.016,,,,,,
Moderate_Risk:Fibonacci,267,50.6,1109.214,-1512,-50.4,23317.559,,,,,,
Moderate_Risk:Fibonacci,268,47.633,930.861,-248,-8.267,81752.271,,,,,,
Moderate_Risk:Fibonacci,269,45.4,1082.524,-463,-15.433,32630.392,,,,,,
Moderate_Risk:Fibonacci,270,51.667,1167.885,-377,-12.567,26182.668,,,,,,
Moderate_Risk:Fibonacci,271,46.767,780.53,-2571,-85.7,3365.183,,,,,,
Moderate_Risk:Fibonacci,272,47.4,812.731,-2085,-69.5,15744.466,,,,,,
Moderate_Risk:Fibonacci,273,49.7,872.7,-1584,-52.8,12314.303,,,,,,
Moderate_Risk:Fibonacci,274,50.733,931.857,-915,-30.5,44809.017,,,,,,
Moderate_Risk:Fibonacci,275,48.933,1138.064,-735,-24.5,24405.293,,,,,,
Moderate_Risk:Fibonacci,276,42.767,982.047,-2152,-71.733,11591.72,,,,,,
Moderate_Risk:Fibonacci,277,45.4,921.283,-963,-32.1,25977.334,,,,,,
Moderate_Risk:Fibonacci,278,43.733,741.789,-2145,-71.5,11815.776,,,,,,
Moderate_Risk:Fibonacci,279,58.067,1014.271,-480,-16,48422.414,,,,,,
Moderate_Risk:Fibonacci,280,54.367,635.62,-1076,-35.867,31006.257,,,,,,
Moderate_Risk:Fibonacci,281,45.1,790.99,-2167,-72.233,7479.564,,,,,,
Moderate_Risk:Fibonacci,282,49.467,765.637,-2384,-79.467,6133.775,,,,,,
Moderate_Risk:Fibonacci,283,47,858.552,-1335,-44.5,21582.741,,,,,,
Moderate_Risk:Fibonacci,284,46.933,1071.926,-1076,-35.867,19334.878,,,,,,
Moderate_Risk:Fibonacci,285,50.067,1122.892,-129,-4.3,34970.631,,,,,,
Moderate_Risk:Fibonacci,286,46.4,776.938,-1192,-39.733,34722.064,,,,,,
Moderate_Risk:Fibonacci,287,45.7,871.321,-1353,-45.1,22440.645,,,,,,
Moderate_Risk:Fibonacci,288,48.233,984.185,-1321,-44.033,23221.895,,,,,,
Moderate_Risk:Fibonacci,289,54.8,1064.51,-1011,-33.7,46635.045,,,,,,
Moderate_Risk:Fibonacci,290,56.467,1125.637,246,8.2,43222.648,,,,,,
Moderate_Risk:Fibonacci,291,59.067,967.444,144,4.8,41303.959,,,,,,
Moderate_Risk:Fibonacci,292,46.833,941.799,-1185,-39.5,25902.121,,,,,,
Moderate_Risk:Fibonacci,293,52.567,999.633,-1018,-33.933,19240.34,,,,,,
Moderate_Risk:Fibonacci,294,49.533,838.878,-1197,-39.9,23648.645,,,,,,
Moderate_Risk:Fibonacci,295,54.3,988.217,-1167,-38.9,25667.955,,,,,,
Moderate_Risk:Fibonacci,296,49.567,884.461,-1175,-39.167,22196.282,,,,,,
Moderate_Risk:Fibonacci,297,66.733,1106.064,2022,67.4,132381.628,,,,,,
Moderate_Risk:Fibonacci,298,53.6,1143.283,-65,-2.167,30914.489,,,,,,
Moderate_Risk:Fibonacci,299,40.633,754.171,-2150,-71.667,7538.023,,,,,,
Moderate_Risk:Fibonacci,300,64.733,1159.168,661,22.033,39123.206,,,,,,
Moderate_Risk:Fibonacci,301,42.833,901.661,-1721,-57.367,19806.102,,,,,,
Moderate_Risk:Fibonacci,302,44.467,770.74,-1648,-54.933,21287.306,,,,,,
Moderate_Risk:Fibonacci,303,64.767,1231.771,455,15.167,23613.799,,,,,,
Moderate_Risk:Fibonacci,304,52.833,898.213,166,5.533,91692.809,,,,,,
Moderate_Risk:Fibonacci,305,50,1115.724,1061,35.367,80051.826,,,,,,
Moderate_Risk:Fibonacci,306,48.167,897.661,-1413,-47.1,19752.369,,,,,,
Moderate_Risk:Fibonacci,307,42.3,884.148,-671,-22.367,69016.654,,,,,,
Moderate_Risk:Fibonacci,308,52.567,905.357,-1855,-61.833,7908.006,,,,,,
Moderate_Risk:Fibonacci,309,48.967,865.895,-1110,-37,26098,,,,,,
Moderate_Risk:Fibonacci,310,57,851.034,-1669,-55.633,15058.861,,,,,,
Moderate_Risk:Fibonacci,311,53.833,940.213,-1914,-63.8,13881.131,,,,,,
Moderate_Risk:Fibonacci,312,50.233,1027.013,-338,-11.267,36155.03,,,,,,
Moderate_Risk:Fibonacci,313,50.833,1167.868,574,19.133,114094.671,,,,,,
Moderate_Risk:Fibonacci,314,52.8,800.303,-1633,-54.433,19769.978,,,,,,
Moderate_Risk:Fibonacci,315,63.833,872.351,-919,-30.633,21126.033,,,,,,
Moderate_Risk:Fibonacci,316,56.967,992.447,156,5.2,79091.752,,,,,,
Moderate_Risk:Fibonacci,317,46.033,715.206,-1618,-53.933,21627.513,,,,,,
Moderate_Risk:Fibonacci,318,61.6,1025.076,750,25,48348.759,,,,,,
Moderate_Risk:Fibonacci,319,62.067,992.271,2,0.067,39685.926,,,,,,
Moderate_Risk:Fibonacci,320,47.767,900.806,-2196,-73.2,11912.717,,,,,,
Moderate_Risk:Fibonacci,321,53.933,1110.409,-211,-7.033,61625.482,,,,,,
Moderate_Risk:Fibonacci,322,51.167,1001.661,-1548,-51.6,18239.076,,,,,,
Moderate_Risk:Fibonacci,323,54.6,1108.317,-317,-10.567,30933.909,,,,,,
Moderate_Risk:Fibonacci,324,46.167,888.902,-1842,-61.4,10178.455,,,,,,
Moderate_Risk:Fibonacci,325,56.233,1167.357,138,4.6,64471.559,,,,,,
Moderate_Risk:Fibonacci,326,60.167,832.489,489,16.3,53631.803,,,,,,
Moderate_Risk:Fibonacci,327,46.067,726.685,-2382,-79.4,7802.8,,,,,,
Moderate_Risk:Fibonacci,328,53.367,1213.964,461,15.367,60977.206,,,,,,
Moderate_Risk:Fibonacci,329,45.833,604.144,-2385,-79.5,12607.5,,,,,,
Moderate_Risk:Fibonacci,330,51.833,1245.661,597,19.9,131480.162,,,,,,
Moderate_Risk:Fibonacci,331,58.133,750.326,-755,-25.167,47578.833,,,,,,
Moderate_Risk:Fibonacci,332,56.633,723.62,-916,-30.533,42762.189,,,,,,
Moderate_Risk:Fibonacci,333,49.9,1211.472,-988,-32.933,28354.616,,,,,,
Moderate_Risk:Fibonacci,334,51.233,1043.702,535,17.833,69662.42,,,,,,
Moderate_Risk:Fibonacci,335,53.967,1050.861,380,12.667,61070.161,,,,,,
Moderate_Risk:Fibonacci,336,61.3,1127.941,703,23.433,41044.254,,,,,,
Moderate_Risk:Fibonacci,337,52.4,980.179,-1443,-48.1,15429.128,,,,,,
Moderate_Risk:Fibonacci,338,47.733,1222.685,-752,-25.067,21526.202,,,,,,
Moderate_Risk:Fibonacci,339,53.767,1045.564,1214,40.467,101737.913,,,,,,
Moderate_Risk:Fibonacci,340,52.567,1182.116,-77,-2.567,35221.151,,,,,,
Moderate_Risk:Fibonacci,341,48.5,966.397,-931,-31.033,22330.585,,,,,,
Moderate_Risk:Fibonacci,342,47.033,948.447,-1523,-50.767,27434.185,,,,,,
Moderate_Risk:Fibonacci,343,58.633,1131.137,2651,88.367,193952.102,,,,,,
Moderate_Risk:Fibonacci,344,43.1,769.128,-1899,-63.3,15316.631,,,,,,
Moderate_Risk:Fibonacci,345,41.333,769.747,-2360,-78.667,6596.851,,,,,,
Moderate_Risk:Fibonacci,346,48.267,914.202,-1232,-41.067,26219.72,,,,,,
Moderate_Risk:Fibonacci,347,44.5,891.914,-1968,-65.6,9681.834,,,,,,
Moderate_Risk:Fibonacci,348,48.967,903.689,-1789,-59.633,16330.378,,,,,,
Moderate_Risk:Fibonacci,349,42.967,852.171,-1591,-53.033,15058.999,,,,,,
Moderate_Risk:Fibonacci,350,53.233,755.633,-1956,-65.2,11702.717,,,,,,
Moderate_Risk:Fibonacci,351,58.467,1017.154,458,15.267,60609.857,,,,,,
Moderate_Risk:Fibonacci,352,48.533,1011.706,-355,-11.833,47613.04,,,,,,
Moderate_Risk:Fibonacci,353,49.333,853.195,-2202,-73.4,12193.903,,,,,,
Moderate_Risk:Fibonacci,354,59.6,869.834,-692,-23.067,32609.857,,,,,,
Moderate_Risk:Fibonacci,355,48.2,1061.614,-509,-16.967,25813.895,,,,,,
Moderate_Risk:Fibonacci,356,52.633,1156.171,102,3.4,42144.386,,,,,,
Moderate_Risk:Fibonacci,357,49.5,1267.224,388,12.933,37528.754,,,,,,
Moderate_Risk:Fibonacci,358,43.467,849.292,-1396,-46.533,21933.844,,,,,,
Moderate_Risk:Fibonacci,359,53.567,766.047,-1725,-57.5,10373.638,,,,,,
Moderate_Risk:Fibonacci,360,40.667,791.264,-1277,-42.567,37081.289,,,,,,
Moderate_Risk:Fibonacci,361,46.733,1307.926,377,12.567,33507.84,,,,,,
Moderate_Risk:Fibonacci,362,51.6,1185.628,-1139,-37.967,15951.344,,,,,,
Moderate_Risk:Fibonacci,363,51.9,1163.541,-27,-0.9,40899.266,,,,,,
Moderate_Risk:Fibonacci,364,35.167,326.764,-3000,-100,0,,,,,,
Moderate_Risk:Fibonacci,365,44.733,900.202,-1960,-65.333,11296.023,,,,,,
Moderate_Risk:Fibonacci,366,49.567,908.875,-1342,-44.733,26561.582,,,,,,
Moderate_Risk:Fibonacci,367,47.467,879.085,-511,-17.033,39465.964,,,,,,
Moderate_Risk:Fibonacci,368,46.467,846.602,-1358,-45.267,16463.168,,,,,,
Moderate_Risk:Fibonacci,369,43.933,776.547,-2856,-95.2,691.2,,,,,,
Moderate_Risk:Fibonacci,370,59.233,1044.668,762,25.4,60922.869,,,,,,
Moderate_Risk:Fibonacci,371,48.033,977.137,-684,-22.8,32856.097,,,,,,
Moderate_Risk:Fibonacci,372,56.633,833.964,165,5.5,80149.224,,,,,,
Moderate_Risk:Fibonacci,373,40.933,599.375,-2431,-81.033,10792.033,,,,,,
Moderate_Risk:Fibonacci,374,44.067,799.789,-2002,-66.733,11726.547,,,,,,
Moderate_Risk:Fibonacci,375,39.067,945.857,-1119,-37.3,29868.562,,,,,,
Moderate_Risk:Fibonacci,376,50.067,634.271,-2299,-76.633,8388.447,,,,,,
Moderate_Risk:Fibonacci,377,46.5,971.707,-1159,-38.633,29216.309,,,,,,
Moderate_Risk:Fibonacci,378,55.267,967.099,-389,-12.967,34650.447,,,,,,
Moderate_Risk:Fibonacci,379,44.933,940.616,-1708,-56.933,14127.995,,,,,,
Moderate_Risk:Fibonacci,380,51.067,873.926,-1238,-41.267,18566.478,,,,,,
Moderate_Risk:Fibonacci,381,53.767,1210.668,442,14.733,36424.961,,,,,,
Moderate_Risk:Fibonacci,382,53.2,1111.752,-343,-11.433,30179.84,,,,,,
Moderate_Risk:Fibonacci,383,46.133,967.499,-1891,-63.033,10740.585,,,,,,
Moderate_Risk:Fibonacci,384,42.8,861.269,-1416,-47.2,17781.131,,,,,,
Moderate_Risk:Fibonacci,385,46.367,877.964,-1434,-47.8,32342.097,,,,,,
Moderate_Risk:Fibonacci,386,37.567,982.047,-1710,-57,19657.103,,,,,,
Moderate_Risk:Fibonacci,387,55.267,830.892,-1489,-49.633,17285.895,,,,,,
Moderate_Risk:Fibonacci,388,47.6,913.559,-1257,-41.9,25044.852,,,,,,
Moderate_Risk:Fibonacci,389,54.4,888.11,-934,-31.133,40582.051,,,,,,
Moderate_Risk:Fibonacci,390,48.367,1002.861,-1094,-36.467,29246.257,,,,,,
Moderate_Risk:Fibonacci,391,55.3,1010.217,-1084,-36.133,20402.051,,,,,,
Moderate_Risk:Fibonacci,392,46.533,757.982,-2756,-91.867,1984.533,,,,,,
Moderate_Risk:Fibonacci,393,48.633,905.551,-2233,-74.433,9468.806,,,,,,
Moderate_Risk:Fibonacci,394,51.833,1074.557,-755,-25.167,31152.833,,,,,,
Moderate_Risk:Fibonacci,395,55.133,916.74,-918,-30.6,35545.766,,,,,,
Moderate_Risk:Fibonacci,396,48.867,958.326,-1558,-51.933,12296.409,,,,,,
Moderate_Risk:Fibonacci,397,55.633,690.309,-1770,-59,17365.241,,,,,,
Moderate_Risk:Fibonacci,398,48.767,661.84,-1710,-57,18335.034,,,,,,
Moderate_Risk:Fibonacci,399,45.5,801.914,-2148,-71.6,8165.076,,,,,,
Moderate_Risk:Fibonacci,400,49.067,866.823,382,12.733,153489.72,,,,,,
Moderate_Risk:Fibonacci,401,48.933,671.72,-1215,-40.5,43506.328,,,,,,
Moderate_Risk:Fibonacci,402,54.7,875.528,-570,-19,30076.552,,,,,,
Moderate_Risk:Fibonacci,403,45.867,1102.051,299,9.967,57931.413,,,,,,
Moderate_Risk:Fibonacci,404,46.933,1049.513,-16,-0.533,44775.43,,,,,,
Moderate_Risk:Fibonacci,405,47.867,761.292,-838,-27.933,37421.168,,,,,,
Moderate_Risk:Fibonacci,406,52.1,882.438,-1219,-40.633,38366.516,,,,,,
Moderate_Risk:Fibonacci,407,49.433,963.151,-1026,-34.2,35708.303,,,,,,
Moderate_Risk:Fibonacci,408,41.467,787.154,-1352,-45.067,63889.099,,,,,,
Moderate_Risk:Fibonacci,409,50.9,1065.61,1103,36.767,71109.564,,,,,,
Moderate_Risk:Fibonacci,410,45.5,780.741,-1745,-58.167,11886.075,,,,,,
Moderate_Risk:Fibonacci,411,46.167,1184.557,-970,-32.333,22266.023,,,,,,
Moderate_Risk:Fibonacci,412,47.233,659.151,-1788,-59.6,15201.559,,,,,,
Moderate_Risk:Fibonacci,413,39.767,633.84,-2274,-75.8,9393.752,,,,,,
Moderate_Risk:Fibonacci,414,61.833,1044.695,107,3.567,35418.668,,,,,,
Moderate_Risk:Fibonacci,415,47.933,878.064,-1587,-52.9,15757.679,,,,,,
Moderate_Risk:Fibonacci,416,51.733,779.926,-1413,-47.1,29372.024,,,,,,
Moderate_Risk:Fibonacci,417,51.3,909.803,-682,-22.733,22593.513,,,,,,
Moderate_Risk:Fibonacci,418,65.967,993.689,437,14.567,50670.047,,,,,,
Moderate_Risk:Fibonacci,419,54.433,1123.909,-523,-17.433,48022.323,,,,,,
Moderate_Risk:Fibonacci,420,52.733,1075.857,-598,-19.933,29628.478,,,,,,
Moderate_Risk:Fibonacci,421,48.5,866.328,-1980,-66,11468.345,,,,,,
Moderate_Risk:Fibonacci,422,53.667,1113.747,778,25.933,70322.616,,,,,,
Moderate_Risk:Fibonacci,423,60.767,1101.151,-214,-7.133,32182.464,,,,,,
Moderate_Risk:Fibonacci,424,61,1111.586,1000,33.333,74013.885,,,,,,
Moderate_Risk:Fibonacci,425,42.267,814.478,-2305,-76.833,8511.592,,,,,,
Moderate_Risk:Fibonacci,426,40.633,820.309,-1576,-52.533,23502.257,,,,,,
Moderate_Risk:Fibonacci,427,46.033,927.206,-1025,-34.167,33487.799,,,,,,
Moderate_Risk:Fibonacci,428,44.667,872.299,-550,-18.333,116133.885,,,,,,
Moderate_Risk:Fibonacci,429,44.3,841.528,-1591,-53.033,28534.792,,,,,,
Moderate_Risk:Fibonacci,430,50.233,1036.116,-18,-0.6,45675.903,,,,,,
Moderate_Risk:Fibonacci,431,44.467,929.775,-215,-7.167,78579.316,,,,,,
Moderate_Risk:Fibonacci,432,52.067,982.409,-590,-19.667,48019.126,,,,,,
Moderate_Risk:Fibonacci,433,51.3,1270.976,1527,50.9,102396.162,,,,,,
Moderate_Risk:Fibonacci,434,46.4,1066.041,-168,-5.6,39311.421,,,,,,
Moderate_Risk:Fibonacci,435,47.633,1171.068,517,17.233,90490.254,,,,,,
Moderate_Risk:Fibonacci,436,55.667,865.678,-112,-3.733,37272.34,,,,,,
Moderate_Risk:Fibonacci,437,55.833,1035.592,-474,-15.8,25775.89,,,,,,
Moderate_Risk:Fibonacci,438,42.567,971.22,-1206,-40.2,29127.2,,,,,,
Moderate_Risk:Fibonacci,439,46.7,1039.528,-1537,-51.233,17481.633,,,,,,
Moderate_Risk:Fibonacci,440,53.333,928.851,-673,-22.433,28392.737,,,,,,
Moderate_Risk:Fibonacci,441,56.567,947.013,2321,77.367,229480.93,,,,,,
Moderate_Risk:Fibonacci,442,52.467,963.637,-904,-30.133,45659.016,,,,,,
Moderate_Risk:Fibonacci,443,47.733,1015.237,-1045,-34.833,39191.799,,,,,,
Moderate_Risk:Fibonacci,444,48,1101.586,-1190,-39.667,15500.989,,,,,,
Moderate_Risk:Fibonacci,445,55.867,864.533,-564,-18.8,30585.821,,,,,,
Moderate_Risk:Fibonacci,446,48.4,786.869,-2035,-67.833,11989.109,,,,,,
Moderate_Risk:Fibonacci,447,40.833,828.489,-2362,-78.733,6196.064,,,,,,
Moderate_Risk:Fibonacci,448,39.6,713.49,-2093,-69.767,9216.392,,,,,,
Moderate_Risk:Fibonacci,449,43.333,970.23,-1116,-37.2,31128.166,,,,,,
Moderate_Risk:Fibonacci,450,48.433,1029.495,-1326,-44.2,21120.855,,,,,,
Moderate_Risk:Fibonacci,451,52.2,842.097,-1991,-66.367,10975.068,,,,,,
Moderate_Risk:Fibonacci,452,47.633,877.206,-1894,-63.133,13228.602,,,,,,
Moderate_Risk:Fibonacci,453,54.1,1038.645,-972,-32.4,19670.11,,,,,,
Moderate_Risk:Fibonacci,454,42.433,697.22,-1514,-50.467,25761.016,,,,,,
Moderate_Risk:Fibonacci,455,47.967,1015.826,-735,-24.5,35682.121,,,,,,
Moderate_Risk:Fibonacci,456,52.4,850.317,-1238,-41.267,24800.961,,,,,,
Moderate_Risk:Fibonacci,457,42.5,682.259,-1942,-64.733,11861.651,,,,,,
Moderate_Risk:Fibonacci,458,51.367,876.999,1,0.033,52143.344,,,,,,
Moderate_Risk:Fibonacci,459,53.067,1144.961,-452,-15.067,29359.926,,,,,,
Moderate_Risk:Fibonacci,460,51.533,781.085,-1813,-60.433,14982.047,,,,,,
Moderate_Risk:Fibonacci,461,44.667,730.713,-2068,-68.933,15634.754,,,,,,
Moderate_Risk:Fibonacci,462,51.667,1094.299,-139,-4.633,73053.551,,,,,,
Moderate_Risk:Fibonacci,463,40.367,797.757,-2586,-86.2,4501.614,,,,,,
Moderate_Risk:Fibonacci,464,53.133,1164.051,809,26.967,53977.895,,,,,,
Moderate_Risk:Fibonacci,465,50.133,939.913,-1806,-60.2,19291.476,,,,,,
Moderate_Risk:Fibonacci,466,45.433,900.53,-1277,-42.567,26679.22,,,,,,
Moderate_Risk:Fibonacci,467,47.833,921.04,743,24.767,98973.357,,,,,,
Moderate_Risk:Fibonacci,468,52.7,744.355,-868,-28.933,32009.168,,,,,,
Moderate_Risk:Fibonacci,469,41.733,715.926,-1263,-42.1,24860.99,,,,,,
Moderate_Risk:Fibonacci,470,52.967,872.447,10,0.333,48641.126,,,,,,
Moderate_Risk:Fibonacci,471,65.167,881.73,165,5.5,38392.534,,,,,,
Moderate_Risk:Fibonacci,472,50.433,1101.151,-961,-32.033,24044.378,,,,,,
Moderate_Risk:Fibonacci,473,47.7,836.217,-1190,-39.667,25224.368,,,,,,
Moderate_Risk:Fibonacci,474,51.5,1162.328,900,30,58212.966,,,,,,
Moderate_Risk:Fibonacci,475,65.8,957.821,2420,80.667,182193.885,,,,,,
Moderate_Risk:Fibonacci,476,47.633,1096.378,-1067,-35.567,18431.84,,,,,,
Moderate_Risk:Fibonacci,477,47.133,903.982,-1345,-44.833,21663.868,,,,,,
Moderate_Risk:Fibonacci,478,48.533,872.189,-1479,-49.3,20799.941,,,,,,
Moderate_Risk:Fibonacci,479,51.533,1025.361,-181,-6.033,37982.516,,,,,,
Moderate_Risk:Fibonacci,480,42.533,742.189,-1367,-45.567,34419.702,,,,,,
Moderate_Risk:Fibonacci,481,49.1,909.955,-271,-9.033,46940.171,,,,,,
Moderate_Risk:Fibonacci,482,42.733,574.133,-2266,-75.533,17958.533,,,,,,
Moderate_Risk:Fibonacci,483,49.067,1014.064,-93,-3.1,47644.507,,,,,,
Moderate_Risk:Fibonacci,484,48.2,877.407,-1203,-40.1,28344.783,,,,,,
Moderate_Risk:Fibonacci,485,60.333,991.402,-95,-3.167,44957.454,,,,,,
Moderate_Risk:Fibonacci,486,48.433,825.013,-1346,-44.867,31440.257,,,,,,
Moderate_Risk:Fibonacci,487,53.833,1081.454,1472,49.067,88869.651,,,,,,
Moderate_Risk:Fibonacci,488,53.367,1003.068,-172,-5.733,46227.237,,,,,,
Moderate_Risk:Fibonacci,489,47.067,1227.926,-13,-0.433,93637.84,,,,,,
Moderate_Risk:Fibonacci,490,50.533,1109.223,-576,-19.2,37751.821,,,,,,
Moderate_Risk:Fibonacci,491,54.233,1005.357,321,10.7,39717.252,,,,,,
Moderate_Risk:Fibonacci,492,54.6,897.49,122,4.067,64572.685,,,,,,
Moderate_Risk:Fibonacci,493,43.533,883.223,-2310,-77,8070.276,,,,,,
Moderate_Risk:Fibonacci,494,45.133,723.706,-2265,-75.5,8876.19,,,,,,
Moderate_Risk:Fibonacci,495,51.1,978.231,-566,-18.867,37504.051,,,,,,
Moderate_Risk:Fibonacci,496,57.533,989.844,-309,-10.3,43905.114,,,,,,
Moderate_Risk:Fibonacci,497,55.767,1061.771,-115,-3.833,55840.213,,,,,,
Moderate_Risk:Fibonacci,498,58.167,1199.937,2367,78.9,121520.783,,,,,,
Moderate_Risk:Fibonacci,499,49.9,837.266,-1679,-55.967,14240.792,,,,,,
Moderate_Risk:Fibonacci,500,47.933,1001.926,-1359,-45.3,21351.734,,,,,,
Moderate_Risk:Fibonacci,501,45.967,702.033,-2437,-81.233,5640.806,,,,,,
Moderate_Risk:Fibonacci,502,58.5,1196.19,1267,42.233,59404.392,,,,,,
Moderate_Risk:Fibonacci,503,44.467,943.361,-429,-14.3,57690.976,,,,,,
Moderate_Risk:Fibonacci,504,51.1,1002.714,-1843,-61.433,14722.392,,,,,,
Moderate_Risk:Fibonacci,505,52.333,1138.851,-688,-22.933,20921.995,,,,,,
Moderate_Risk:Fibonacci,506,52.8,1026.579,262,8.733,60003.375,,,,,,
Moderate_Risk:Fibonacci,507,45.4,718.11,-2108,-70.267,8789.651,,,,,,
Moderate_Risk:Fibonacci,508,60.2,1031.131,631,21.033,52949.206,,,,,,
Moderate_Risk:Fibonacci,509,42.233,494.047,-2751,-91.7,2066.7,,,,,,
Moderate_Risk:Fibonacci,510,55.967,1076.24,-634,-21.133,28621.154,,,,,,
Moderate_Risk:Fibonacci,511,49.167,895.799,-1294,-43.133,23302.74,,,,,,
Moderate_Risk:Fibonacci,512,45.167,1098.626,2193,73.1,141853.266,,,,,,
Moderate_Risk:Fibonacci,513,52.733,1044.409,-1462,-48.733,14230.478,,,,,,
Moderate_Risk:Fibonacci,514,56.8,970.372,40,1.333,41047.816,,,,,,
Moderate_Risk:Fibonacci,515,61.733,1076.202,55,1.833,33415.454,,,,,,
Moderate_Risk:Fibonacci,516,54.9,1059.679,-175,-5.833,46629.178,,,,,,
Moderate_Risk:Fibonacci,517,51.633,1012.033,-16,-0.533,42175.154,,,,,,
Moderate_Risk:Fibonacci,518,43.7,584.838,-2591,-86.367,5576.033,,,,,,
Moderate_Risk:Fibonacci,519,45.267,868.823,-1003,-33.433,25384.737,,,,,,
Moderate_Risk:Fibonacci,520,55.533,1144.326,544,18.133,46224.12,,,,,,
Moderate_Risk:Fibonacci,521,49.9,1128.369,288,9.6,89957.628,,,,,,
Moderate_Risk:Fibonacci,522,49.7,881.183,-2294,-76.467,8071.085,,,,,,
Moderate_Risk:Fibonacci,523,50.2,1047.338,226,7.533,43133.844,,,,,,
Moderate_Risk:Fibonacci,524,58.167,873.454,369,12.3,51864.424,,,,,,
Moderate_Risk:Fibonacci,525,51.733,1250.478,719,23.967,105372.93,,,,,,
Moderate_Risk:Fibonacci,526,55.167,1152.971,414,13.8,55971.269,,,,,,
Moderate_Risk:Fibonacci,527,52.067,965.444,-920,-30.667,24556.851,,,,,,
Moderate_Risk:Fibonacci,528,39.867,680.051,-2567,-85.567,6249.633,,,,,,
Moderate_Risk:Fibonacci,529,51.233,1091.978,48,1.6,38741.766,,,,,,
Moderate_Risk:Fibonacci,530,56.567,1055.151,214,7.133,60413.361,,,,,,
Moderate_Risk:Fibonacci,531,54.3,888.217,-1553,-51.767,20352.254,,,,,,
Moderate_Risk:Fibonacci,532,52,1166.276,-529,-17.633,39249.137,,,,,,
Moderate_Risk:Fibonacci,533,47.3,1031.321,-749,-24.967,37449.826,,,,,,
Moderate_Risk:Fibonacci,534,60.9,1087.059,131,4.367,49000.93,,,,,,
Moderate_Risk:Fibonacci,535,54.333,825.54,-1243,-41.433,33576.392,,,,,,
Moderate_Risk:Fibonacci,536,50.767,1251.771,251,8.367,63202.723,,,,,,
Moderate_Risk:Fibonacci,537,51.6,820.8,-1703,-56.767,14983.426,,,,,,
Moderate_Risk:Fibonacci,538,39.433,633.357,-2114,-70.467,8751.361,,,,,,
Moderate_Risk:Fibonacci,539,52.1,853.128,-1793,-59.767,13077.633,,,,,,
Moderate_Risk:Fibonacci,540,59.733,1066.409,-856,-28.533,34043.913,,,,,,
Moderate_Risk:Fibonacci,541,50.833,971.316,-1574,-52.467,12229.154,,,,,,
Moderate_Risk:Fibonacci,542,53,877.448,-364,-12.133,69457.913,,,,,,
Moderate_Risk:Fibonacci,543,59.167,911.73,-211,-7.033,32643.137,,,,,,
Moderate_Risk:Fibonacci,544,48.567,964.668,-443,-14.767,39677.289,,,,,,
Moderate_Risk:Fibonacci,545,45.7,863.941,-1528,-50.933,20183.03,,,,,,
Moderate_Risk:Fibonacci,546,62.767,1218.737,4060,135.333,261973.333,,,,,,
Moderate_Risk:Fibonacci,547,49.467,1013.016,-1048,-34.933,17966.271,,,,,,
Moderate_Risk:Fibonacci,548,52.367,1059.895,-274,-9.133,57968.533,,,,,,
Moderate_Risk:Fibonacci,549,48.867,1053.154,-701,-23.367,63090.033,,,,,,
Moderate_Risk:Fibonacci,550,54.933,1205.168,1211,40.367,76594.033,,,,,,
Moderate_Risk:Fibonacci,551,51.067,1066.34,-759,-25.3,30045.459,,,,,,
Moderate_Risk:Fibonacci,552,47.867,627.43,-2307,-76.9,9188.162,,,,,,
Moderate_Risk:Fibonacci,553,43.767,771.564,-2538,-84.6,7114.8,,,,,,
Moderate_Risk:Fibonacci,554,44.567,996.875,-1504,-50.133,23882.257,,,,,,
Moderate_Risk:Fibonacci,555,44.967,826.861,-1705,-56.833,17569.592,,,,,,
Moderate_Risk:Fibonacci,556,53.2,974.993,-2227,-74.233,6298.116,,,,,,
Moderate_Risk:Fibonacci,557,47.867,977.499,-1686,-56.2,13795.062,,,,,,
Moderate_Risk:Fibonacci,558,51.4,1076.869,-1472,-49.067,15815.168,,,,,,
Moderate_Risk:Fibonacci,559,53.267,814.478,-1283,-42.767,25847.289,,,,,,
Moderate_Risk:Fibonacci,560,45.267,885.857,-1697,-56.567,18065.702,,,,,,
Moderate_Risk:Fibonacci,561,52.933,827.72,-1526,-50.867,27175.706,,,,,,
Moderate_Risk:Fibonacci,562,52.233,1113.22,1294,43.133,130704.395,,,,,,
Moderate_Risk:Fibonacci,563,52.3,1007.734,-245,-8.167,44695.523,,,,,,
Moderate_Risk:Fibonacci,564,43.1,875.679,-1713,-57.1,13225.541,,,,,,
Moderate_Risk:Fibonacci,565,50.033,780.93,-1269,-42.3,24752.286,,,,,,
Moderate_Risk:Fibonacci,566,41.833,700.626,-1967,-65.567,12511.564,,,,,,
Moderate_Risk:Fibonacci,567,52.167,1059.454,-1364,-45.467,20341.292,,,,,,
Moderate_Risk:Fibonacci,568,48.6,972.731,-1316,-43.867,22275.775,,,,,,
Moderate_Risk:Fibonacci,569,53.867,1005.982,-1039,-34.633,19656.447,,,,,,
Moderate_Risk:Fibonacci,570,56.533,1073.43,612,20.4,52503.421,,,,,,
Moderate_Risk:Fibonacci,571,52.333,1046.644,272,9.067,53451.651,,,,,,
Moderate_Risk:Fibonacci,572,50.5,860.81,-197,-6.567,50855.357,,,,,,
Moderate_Risk:Fibonacci,573,56.233,1050.53,91,3.033,130380.93,,,,,,
Moderate_Risk:Fibonacci,574,50.233,951.22,-684,-22.8,34282.303,,,,,,
Moderate_Risk:Fibonacci,575,38.533,768.464,-809,-26.967,43545.413,,,,,,
Moderate_Risk:Fibonacci,576,45.967,1087.413,-652,-21.733,39581.926,,,,,,
Moderate_Risk:Fibonacci,577,60,1128.69,-404,-13.467,28309.637,,,,,,
Moderate_Risk:Fibonacci,578,41.733,889.099,-409,-13.633,63977.62,,,,,,
Moderate_Risk:Fibonacci,579,50.7,823.252,-789,-26.3,43380.562,,,,,,
Moderate_Risk:Fibonacci,580,49.967,791.482,-1761,-58.7,12391.183,,,,,,
Moderate_Risk:Fibonacci,581,43.7,704.079,-2332,-77.733,7183.995,,,,,,
Moderate_Risk:Fibonacci,582,57.667,998.989,-101,-3.367,29015.068,,,,,,
Moderate_Risk:Fibonacci,583,55.1,1220.369,544,18.133,46661.775,,,,,,
Moderate_Risk:Fibonacci,584,44.767,821.564,-1224,-40.8,26399.821,,,,,,
Moderate_Risk:Fibonacci,585,56.967,869.826,-1544,-51.467,16685.085,,,,,,
Moderate_Risk:Fibonacci,586,49.867,1171.154,-890,-29.667,28815.057,,,,,,
Moderate_Risk:Fibonacci,587,53.867,1006.809,-278,-9.267,52837.237,,,,,,
Moderate_Risk:Fibonacci,588,44.867,881.775,-1960,-65.333,11980.782,,,,,,
Moderate_Risk:Fibonacci,589,43.7,750.355,-1954,-65.133,12938.395,,,,,,
Moderate_Risk:Fibonacci,590,47.833,872.282,-1633,-54.433,24670.668,,,,,,
Moderate_Risk:Fibonacci,591,49.667,1094.23,-527,-17.567,32119.289,,,,,,
Moderate_Risk:Fibonacci,592,44.133,827.844,-404,-13.467,61953.016,,,,,,
Moderate_Risk:Fibonacci,593,41.967,616.999,-2250,-75,10521.793,,,,,,
Moderate_Risk:Fibonacci,594,47.767,969.702,-353,-11.767,47566.185,,,,,,
Moderate_Risk:Fibonacci,595,51.533,1165.223,-745,-24.833,36180.626,,,,,,
Moderate_Risk:Fibonacci,596,46.1,1091.266,-565,-18.833,25463.799,,,,,,
Moderate_Risk:Fibonacci,597,58.667,750.092,-1509,-50.3,13288.424,,,,,,
Moderate_Risk:Fibonacci,598,56.067,1215.995,-334,-11.133,28259.43,,,,,,
Moderate_Risk:Fibonacci,599,41.2,748.097,-1750,-58.333,17262.575,,,,,,
Moderate_Risk:Fibonacci,600,49,872.759,-1032,-34.4,25083.352,,,,,,
Moderate_Risk:Fibonacci,601,59.2,1050.855,1245,41.5,87376.534,,,,,,
Moderate_Risk:Fibonacci,602,54.333,1004.644,-1498,-49.933,18247.582,,,,,,
Moderate_Risk:Fibonacci,603,56.3,1283.803,827,27.567,34435.22,,,,,,
Moderate_Risk:Fibonacci,604,59.033,1098.171,-6,-0.2,35583.131,,,,,,
Moderate_Risk:Fibonacci,605,48.8,1144.993,444,14.8,51372.028,,,,,,
Moderate_Risk:Fibonacci,606,55.067,1255.306,1361,45.367,105768.516,,,,,,
Moderate_Risk:Fibonacci,607,40.033,834.585,-1111,-37.033,52438.516,,,,,,
Moderate_Risk:Fibonacci,608,62.067,1016.34,1362,45.4,66378.524,,,,,,
Moderate_Risk:Fibonacci,609,51.9,796.3,1101,36.7,251574.079,,,,,,
Moderate_Risk:Fibonacci,610,51.2,799.614,-891,-29.7,37182.631,,,,,,
Moderate_Risk:Fibonacci,611,47.667,825.816,-1306,-43.533,26523.292,,,,,,
Moderate_Risk:Fibonacci,612,50.7,932.079,-2047,-68.233,11874.875,,,,,,
Moderate_Risk:Fibonacci,613,43.033,652.171,-2566,-85.533,3135.913,,,,,,
Moderate_Risk:Fibonacci,614,55.9,1138.024,130,4.333,48290.644,,,,,,
Moderate_Risk:Fibonacci,615,53.167,1010.902,92,3.067,64027.099,,,,,,
Moderate_Risk:Fibonacci,616,51.133,1100.74,382,12.733,72674.271,,,,,,
Moderate_Risk:Fibonacci,617,59.6,1099.834,2694,89.8,131023.338,,,,,,
Moderate_Risk:Fibonacci,618,52.9,1085.472,-711,-23.7,52549.666,,,,,,
Moderate_Risk:Fibonacci,619,47.9,997.679,-176,-5.867,39955.016,,,,,,
Moderate_Risk:Fibonacci,620,40.733,669.582,-2462,-82.067,4666.064,,,,,,
Moderate_Risk:Fibonacci,621,45.767,1187.357,-1607,-53.567,15117.22,,,,,,
Moderate_Risk:Fibonacci,622,41.9,814.507,-2127,-70.9,6847.403,,,,,,
Moderate_Risk:Fibonacci,623,53.567,888.668,-922,-30.733,27166.685,,,,,,
Moderate_Risk:Fibonacci,624,55.133,1032.947,-453,-15.1,38297.059,,,,,,
Moderate_Risk:Fibonacci,625,42.667,643.057,-1861,-62.033,28825.413,,,,,,
Moderate_Risk:Fibonacci,626,49.6,1039.903,-818,-27.267,31468.34,,,,,,
Moderate_Risk:Fibonacci,627,61.433,951.702,-535,-17.833,31572.695,,,,,,
Moderate_Risk:Fibonacci,628,47.1,805.886,-1922,-64.067,12877.444,,,,,,
Moderate_Risk:Fibonacci,629,54.233,1104.254,500,16.667,62884.713,,,,,,
Moderate_Risk:Fibonacci,630,51.867,805.085,-1943,-64.767,12801.426,,,,,,
Moderate_Risk:Fibonacci,631,43,861.034,-1642,-54.733,16056.754,,,,,,
Moderate_Risk:Fibonacci,632,58.9,955.886,450,15,53906.276,,,,,,
Moderate_Risk:Fibonacci,633,58.9,949.197,157,5.233,49682.392,,,,,,
Moderate_Risk:Fibonacci,634,48,898.759,202,6.733,127702.961,,,,,,
Moderate_Risk:Fibonacci,635,51.6,1091.766,-177,-5.9,31904.99,,,,,,
Moderate_Risk:Fibonacci,636,50.6,1151.007,1142,38.067,93765.857,,,,,,
Moderate_Risk:Fibonacci,637,52.2,1005.614,-1755,-58.5,14967.983,,,,,,
Moderate_Risk:Fibonacci,638,43.767,717.289,-1751,-58.367,17459.62,,,,,,
Moderate_Risk:Fibonacci,639,48.867,876.533,-1237,-41.233,21138.668,,,,,,
Moderate_Risk:Fibonacci,640,52.533,851.499,-1051,-35.033,18664.93,,,,,,
Moderate_Risk:Fibonacci,641,55.4,779.903,-1169,-38.967,26800.654,,,,,,
Moderate_Risk:Fibonacci,642,52.367,912.447,-1375,-45.833,15630.006,,,,,,
Moderate_Risk:Fibonacci,643,56.1,894.231,-928,-30.933,54947.995,,,,,,
Moderate_Risk:Fibonacci,644,63.333,1241.54,1632,54.4,203819.007,,,,,,
Moderate_Risk:Fibonacci,645,43.033,739.275,-1799,-59.967,23775.895,,,,,,
Moderate_Risk:Fibonacci,646,45.933,1009.099,-832,-27.733,30342.892,,,,,,
Moderate_Risk:Fibonacci,647,52.533,1080.602,-1586,-52.867,13103.568,,,,,,
Moderate_Risk:Fibonacci,648,49.033,816.171,-2350,-78.333,7207.747,,,,,,
Moderate_Risk:Fibonacci,649,44.4,987.076,7,0.233,58995.771,,,,,,
Moderate_Risk:Fibonacci,650,45.7,1098.355,-400,-13.333,54347.471,,,,,,
Moderate_Risk:Fibonacci,651,62,1147.034,1993,66.433,118855.771,,,,,,
Moderate_Risk:Fibonacci,652,56.967,1122.171,1220,40.667,53134.506,,,,,,
Moderate_Risk:Fibonacci,653,54.733,1069.995,-834,-27.8,26466.441,,,,,,
Moderate_Risk:Fibonacci,654,50.233,1125.082,717,23.9,61566.921,,,,,,
Moderate_Risk:Fibonacci,655,40.433,697.909,-602,-20.067,65735.375,,,,,,
Moderate_Risk:Fibonacci,656,50.933,1046.685,-408,-13.6,36506.386,,,,,,
Moderate_Risk:Fibonacci,657,53.5,993.983,-246,-8.2,47187.752,,,,,,
Moderate_Risk:Fibonacci,658,51.6,1131.903,341,11.367,51579.275,,,,,,
Moderate_Risk:Fibonacci,659,53.033,950.792,-482,-16.067,49424.409,,,,,,
Moderate_Risk:Fibonacci,660,55.6,877.49,-1090,-36.333,23055.264,,,,,,
Moderate_Risk:Fibonacci,661,57.767,1125.013,502,16.733,52852.754,,,,,,
Moderate_Risk:Fibonacci,662,47.733,860.685,-1093,-36.433,23956.668,,,,,,
Moderate_Risk:Fibonacci,663,43.7,877.39,-420,-14,61385.241,,,,,,
Moderate_Risk:Fibonacci,664,49.133,955.016,-1259,-41.967,19254.999,,,,,,
Moderate_Risk:Fibonacci,665,51.2,995.614,-383,-12.767,38781.082,,,,,,
Moderate_Risk:Fibonacci,666,47.9,831.748,-2043,-68.1,14754.369,,,,,,
Moderate_Risk:Fibonacci,667,48.033,1061.551,-898,-29.933,22069.72,,,,,,
Moderate_Risk:Fibonacci,668,42.4,569.076,-3000,-100,0,,,,,,
Moderate_Risk:Fibonacci,669,39.5,726.741,-2215,-73.833,9923.868,,,,,,
Moderate_Risk:Fibonacci,670,50.233,856.737,-807,-26.9,33376.783,,,,,,
Moderate_Risk:Fibonacci,671,48.267,703.789,-1939,-64.633,12262.102,,,,,,
Moderate_Risk:Fibonacci,672,63,1251.172,3308,110.267,141117.375,,,,,,
Moderate_Risk:Fibonacci,673,54.2,813.752,-1170,-39,21210.897,,,,,,
Moderate_Risk:Fibonacci,674,51.067,1072.754,-158,-5.267,48003.375,,,,,,
Moderate_Risk:Fibonacci,675,61.467,1264.533,1973,65.767,74100.944,,,,,,
Moderate_Risk:Fibonacci,676,55.7,1006.286,-388,-12.933,29153.237,,,,,,
Moderate_Risk:Fibonacci,677,45.8,704.028,-1967,-65.567,13729.633,,,,,,
Moderate_Risk:Fibonacci,678,59.833,1259.661,1087,36.233,56321.909,,,,,,
Moderate_Risk:Fibonacci,679,54.567,1027.771,-1006,-33.533,32330.051,,,,,,
Moderate_Risk:Fibonacci,680,44.267,658.685,-2047,-68.233,14835.013,,,,,,
Moderate_Risk:Fibonacci,681,52.1,1003.197,-649,-21.633,28211.964,,,,,,
Moderate_Risk:Fibonacci,682,48.833,1030.006,-1011,-33.7,32516.976,,,,,,
Moderate_Risk:Fibonacci,683,45.167,839.73,-495,-16.5,88975.638,,,,,,
Moderate_Risk:Fibonacci,684,46.733,1006.547,-1449,-48.3,16087.666,,,,,,
Moderate_Risk:Fibonacci,685,48.033,880.516,-995,-33.167,49147.316,,,,,,
Moderate_Risk:Fibonacci,686,54.767,1149.771,1236,41.2,94566.028,,,,,,
Moderate_Risk:Fibonacci,687,58.233,1075.426,290,9.667,43656.092,,,,,,
Moderate_Risk:Fibonacci,688,46.767,961.564,-2048,-68.267,15094.271,,,,,,
Moderate_Risk:Fibonacci,689,55.533,872.12,256,8.533,106762.947,,,,,,
Moderate_Risk:Fibonacci,690,53.8,1147.821,-332,-11.067,40734.547,,,,,,
Moderate_Risk:Fibonacci,691,58.033,833.275,-1008,-33.6,26874.524,,,,,,
Moderate_Risk:Fibonacci,692,50.367,891.964,-851,-28.367,48999.895,,,,,,
Moderate_Risk:Fibonacci,693,57.1,836.921,-333,-11.1,36561.955,,,,,,
Moderate_Risk:Fibonacci,694,46.867,1053.292,-593,-19.767,30144.944,,,,,,
Moderate_Risk:Fibonacci,695,48.6,836.317,-1839,-61.3,10755.321,,,,,,
Moderate_Risk:Fibonacci,696,48.4,977.214,-231,-7.7,67471.666,,,,,,
Moderate_Risk:Fibonacci,697,48.767,919.289,-836,-27.867,22842.464,,,,,,
Moderate_Risk:Fibonacci,698,49.6,1069.145,-1738,-57.933,13287.651,,,,,,
Moderate_Risk:Fibonacci,699,46.5,671.017,-2774,-92.467,1702.533,,,,,,
Moderate_Risk:Fibonacci,700,47.867,694.326,-2685,-89.5,3307.5,,,,,,
Moderate_Risk:Fibonacci,701,42.467,803.499,-1976,-65.867,13141.016,,,,,,
Moderate_Risk:Fibonacci,702,58.033,1006.654,301,10.033,32420.792,,,,,,
Moderate_Risk:Fibonacci,703,48.233,947.289,-1287,-42.9,18190.99,,,,,,
Moderate_Risk:Fibonacci,704,50.2,824.786,-1531,-51.033,14481.344,,,,,,
Moderate_Risk:Fibonacci,705,41.167,614.144,-3000,-100,0,,,,,,
Moderate_Risk:Fibonacci,706,56.5,944.328,9,0.3,43820.769,,,,,,
Moderate_Risk:Fibonacci,707,42.633,712.102,-2624,-87.467,4712.533,,,,,,
Moderate_Risk:Fibonacci,708,51,1051.241,-150,-5,43137.862,,,,,,
Moderate_Risk:Fibonacci,709,46.067,960.202,-1741,-58.033,17460.102,,,,,,
Moderate_Risk:Fibonacci,710,54.833,833.454,-1334,-44.467,21949.706,,,,,,
Moderate_Risk:Fibonacci,711,44.5,857.914,-2340,-78,5348.759,,,,,,
Moderate_Risk:Fibonacci,712,60.867,1048.533,-122,-4.067,27227.926,,,,,,
Moderate_Risk:Fibonacci,713,41.833,820.695,-1343,-44.767,21769.426,,,,,,
Moderate_Risk:Fibonacci,714,47.633,726.93,-2687,-89.567,3265.633,,,,,,
Moderate_Risk:Fibonacci,715,44.833,844.971,-835,-27.833,47793.937,,,,,,
Moderate_Risk:Fibonacci,716,49.433,655.633,-2591,-86.367,5576.033,,,,,,
Moderate_Risk:Fibonacci,717,53.767,1087.013,390,13,59444.138,,,,,,
Moderate_Risk:Fibonacci,718,49.2,926.166,-1352,-45.067,22051.375,,,,,,
Moderate_Risk:Fibonacci,719,48.367,990.24,-1246,-41.533,25309.154,,,,,,
Moderate_Risk:Fibonacci,720,59.867,1031.568,500,16.667,41604.161,,,,,,
Moderate_Risk:Fibonacci,721,55.733,1006.754,-15,-0.5,46784.948,,,,,,
Moderate_Risk:Fibonacci,722,55,862.345,784,26.133,101903.292,,,,,,
Moderate_Risk:Fibonacci,723,61.233,988.047,189,6.3,48752.286,,,,,,
Moderate_Risk:Fibonacci,724,37.867,782.326,-1554,-51.8,27794.097,,,,,,
Moderate_Risk:Fibonacci,725,40.867,943.43,-1902,-63.4,12800.593,,,,,,
Moderate_Risk:Fibonacci,726,60.033,820.171,-292,-9.733,90859.099,,,,,,
Moderate_Risk:Fibonacci,727,52.167,952.351,-788,-26.267,34878.616,,,,,,
Moderate_Risk:Fibonacci,728,51.033,819.757,-1483,-49.433,17985.978,,,,,,
Moderate_Risk:Fibonacci,729,52.367,954.654,62,2.067,50372.823,,,,,,
Moderate_Risk:Fibonacci,730,57,933.379,548,18.267,79887.306,,,,,,
Moderate_Risk:Fibonacci,731,50.167,692.971,-1477,-49.233,18958.53,,,,,,
Moderate_Risk:Fibonacci,732,53.233,893.909,-714,-23.8,40857.752,,,,,,
Moderate_Risk:Fibonacci,733,46.867,727.499,-1911,-63.7,13011.114,,,,,,
Moderate_Risk:Fibonacci,734,48.267,954.064,-611,-20.367,40241.551,,,,,,
Moderate_Risk:Fibonacci,735,48.667,958.713,-943,-31.433,55186.047,,,,,,
Moderate_Risk:Fibonacci,736,48.1,913.197,-1535,-51.167,19097.316,,,,,,
Moderate_Risk:Fibonacci,737,53.7,1091.528,-1253,-41.767,19495.289,,,,,,
Moderate_Risk:Fibonacci,738,46.733,1000.202,-1463,-48.767,19745.564,,,,,,
Moderate_Risk:Fibonacci,739,47.6,948.593,-455,-15.167,69350.902,,,,,,
Moderate_Risk:Fibonacci,740,51.467,1117.706,-1377,-45.9,32072.852,,,,,,
Moderate_Risk:Fibonacci,741,48.433,742.737,-1905,-63.5,13883.914,,,,,,
Moderate_Risk:Fibonacci,742,52.6,714.938,-2103,-70.1,13090.507,,,,,,
Moderate_Risk:Fibonacci,743,50.467,1028.947,865,28.833,90485.868,,,,,,
Moderate_Risk:Fibonacci,744,56,988.621,-767,-25.567,23267.22,,,,,,
Moderate_Risk:Fibonacci,745,55.367,1059.344,65,2.167,53984.833,,,,,,
Moderate_Risk:Fibonacci,746,43.2,993.2,-1509,-50.3,26715.528,,,,,,
Moderate_Risk:Fibonacci,747,59.1,846.024,-1684,-56.133,13974.671,,,,,,
Moderate_Risk:Fibonacci,748,52.867,1011.982,-914,-30.467,25790.326,,,,,,
Moderate_Risk:Fibonacci,749,41.667,748.713,-2062,-68.733,15054.685,,,,,,
Moderate_Risk:Fibonacci,750,51.933,1088.064,189,6.3,62073.941,,,,,,
Moderate_Risk:Fibonacci,751,55.733,953.513,341,11.367,63227.482,,,,,,
Moderate_Risk:Fibonacci,752,49.867,1271.154,-245,-8.167,31184.282,,,,,,
Moderate_Risk:Fibonacci,753,41.7,848.493,-1615,-53.833,17030.557,,,,,,
Moderate_Risk:Fibonacci,754,46.767,800.185,-2188,-72.933,7791.306,,,,,,
Moderate_Risk:Fibonacci,755,55.533,917.775,2983,99.433,298252.185,,,,,,
Moderate_Risk:Fibonacci,756,50.233,858.944,135,4.5,67353.569,,,,,,
Moderate_Risk:Fibonacci,757,63.067,1027.444,986,32.867,51575.913,,,,,,
Moderate_Risk:Fibonacci,758,44.4,971.766,-1777,-59.233,24836.806,,,,,,
Moderate_Risk:Fibonacci,759,58.833,1023.454,1337,44.567,86698.254,,,,,,
Moderate_Risk:Fibonacci,760,53.967,820.999,-1247,-41.567,29726.668,,,,,,
Moderate_Risk:Fibonacci,761,53.067,930.34,893,29.767,101829.22,,,,,,
Moderate_Risk:Fibonacci,762,47.933,590.064,-2578,-85.933,2888.064,,,,,,
Moderate_Risk:Fibonacci,763,47.567,940.53,-1901,-63.367,13188.102,,,,,,
Moderate_Risk:Fibonacci,764,51.667,998.092,-1210,-40.333,22391.402,,,,,,
Moderate_Risk:Fibonacci,765,55.7,1022.976,-176,-5.867,42562.74,,,,,,
Moderate_Risk:Fibonacci,766,52.933,1091.789,-1407,-46.9,16274.162,,,,,,
Moderate_Risk:Fibonacci,767,48.7,887.321,-1447,-48.233,14501.564,,,,,,
Moderate_Risk:Fibonacci,768,46.167,740.833,-903,-30.1,36382.231,,,,,,
Moderate_Risk:Fibonacci,769,49.533,996.602,-1502,-50.067,13714.34,,,,,,
Moderate_Risk:Fibonacci,770,56.2,824.166,-1046,-34.867,40396.464,,,,,,
Moderate_Risk:Fibonacci,771,43.8,620.234,-2774,-92.467,1702.533,,,,,,
Moderate_Risk:Fibonacci,772,51.967,894.102,-964,-32.133,32208.947,,,,,,
Moderate_Risk:Fibonacci,773,46.867,878.051,-2163,-72.1,13254.921,,,,,,
Moderate_Risk:Fibonacci,774,48.433,1000.461,-929,-30.967,29544.93,,,,,,
Moderate_Risk:Fibonacci,775,44.233,905.564,-1090,-36.333,43482.851,,,,,,
Moderate_Risk:Fibonacci,776,48.467,856.533,-1257,-41.9,25720.99,,,,,,
Moderate_Risk:Fibonacci,777,50.333,953.471,-1322,-44.067,17113.444,,,,,,
Moderate_Risk:Fibonacci,778,45.267,1051.099,-702,-23.4,40496.248,,,,,,
Moderate_Risk:Fibonacci,779,39.233,933.495,-1089,-36.3,31114.976,,,,,,
Moderate_Risk:Fibonacci,780,41,571.862,-2778,-92.6,1642.8,,,,,,
Moderate_Risk:Fibonacci,781,48.767,1138.461,51,1.7,42928.631,,,,,,
Moderate_Risk:Fibonacci,782,48.567,915.84,-1437,-47.9,15552.714,,,,,,
Moderate_Risk:Fibonacci,783,48.9,916.231,-878,-29.267,36335.582,,,,,,
Moderate_Risk:Fibonacci,784,45.933,1000.547,-723,-24.1,32412.921,,,,,,
Moderate_Risk:Fibonacci,785,49.2,805.821,-2066,-68.867,9478.464,,,,,,
Moderate_Risk:Fibonacci,786,49.433,901.151,-585,-19.5,38191.017,,,,,,
Moderate_Risk:Fibonacci,787,40.967,775.206,-2021,-67.367,15547.757,,,,,,
Moderate_Risk:Fibonacci,788,36.233,572.392,-2702,-90.067,2960.133,,,,,,
Moderate_Risk:Fibonacci,789,54,644.759,-1550,-51.667,16595.057,,,,,,
Moderate_Risk:Fibonacci,790,57.8,826.993,-102,-3.4,56497.352,,,,,,
Moderate_Risk:Fibonacci,791,52.067,1021.03,134,4.467,72127.982,,,,,,
Moderate_Risk:Fibonacci,792,55.2,1253.407,895,29.833,72674.213,,,,,,
Moderate_Risk:Fibonacci,793,41.667,1032.92,-515,-17.167,73550.626,,,,,,
Moderate_Risk:Fibonacci,794,50.233,1094.392,-233,-7.767,50196.875,,,,,,
Moderate_Risk:Fibonacci,795,45,901.103,-471,-15.7,41808.148,,,,,,
Moderate_Risk:Fibonacci,796,47.267,1220.34,-1140,-38,21093.241,,,,,,
Moderate_Risk:Fibonacci,797,51.4,1016.179,-928,-30.933,28997.306,,,,,,
Moderate_Risk:Fibonacci,798,54,1153.724,-475,-15.833,31141.385,,,,,,
Moderate_Risk:Fibonacci,799,49.133,847.154,-1105,-36.833,41352.557,,,,,,
Moderate_Risk:Fibonacci,800,47.967,744.171,-1475,-49.167,24256.351,,,,,,
Moderate_Risk:Fibonacci,801,49.433,1089.013,-1297,-43.233,14220.047,,,,,,
Moderate_Risk:Fibonacci,802,63.167,1034.902,813,27.1,55392.162,,,,,,
Moderate_Risk:Fibonacci,803,52.467,977.982,-1461,-48.7,19174.424,,,,,,
Moderate_Risk:Fibonacci,804,53.067,1146.202,-1430,-47.667,16371.057,,,,,,
Moderate_Risk:Fibonacci,805,64.8,913.269,426,14.2,42525.821,,,,,,
Moderate_Risk:Fibonacci,806,45.9,939.748,1204,40.133,198451.016,,,,,,
Moderate_Risk:Fibonacci,807,52.1,1124.438,1130,37.667,62546.644,,,,,,
Moderate_Risk:Fibonacci,808,51.267,1195.857,-534,-17.8,24953.614,,,,,,
Moderate_Risk:Fibonacci,809,49.467,960.051,-942,-31.4,49499.628,,,,,,
Moderate_Risk:Fibonacci,810,50,988.552,-1172,-39.067,31365.237,,,,,,
Moderate_Risk:Fibonacci,811,54.3,1032.148,-350,-11.667,29219.264,,,,,,
Moderate_Risk:Fibonacci,812,46.5,840.672,-2477,-82.567,9117.633,,,,,,
Moderate_Risk:Fibonacci,813,57.3,1155.459,1399,46.633,77205.551,,,,,,
Moderate_Risk:Fibonacci,814,55.633,774.792,-671,-22.367,32854.447,,,,,,
Moderate_Risk:Fibonacci,815,48.6,836.524,-1571,-52.367,12684.585,,,,,,
Moderate_Risk:Fibonacci,816,45.767,1013.771,-1465,-48.833,18124.833,,,,,,
Moderate_Risk:Fibonacci,817,57.767,1066.185,-1105,-36.833,19684.213,,,,,,
Moderate_Risk:Fibonacci,818,51.8,944.441,-348,-11.6,53152.11,,,,,,
Moderate_Risk:Fibonacci,819,42.1,1125.266,186,6.2,96043.338,,,,,,
Moderate_Risk:Fibonacci,820,48.2,687.269,-2069,-68.967,9084.723,,,,,,
Moderate_Risk:Fibonacci,821,52.9,1100.921,-714,-23.8,36098.786,,,,,,
Moderate_Risk:Fibonacci,822,44.433,914.254,-2120,-70.667,8296.092,,,,,,
Moderate_Risk:Fibonacci,823,54,1082.828,-503,-16.767,25146.599,,,,,,
Moderate_Risk:Fibonacci,824,43.767,626.668,-2270,-75.667,10045.471,,,,,,
Moderate_Risk:Fibonacci,825,49.2,1100.303,-354,-11.8,36448.303,,,,,,
Moderate_Risk:Fibonacci,826,45.7,845.045,-2064,-68.8,14106.441,,,,,,
Moderate_Risk:Fibonacci,827,43.633,680.861,-2273,-75.767,5614.392,,,,,,
Moderate_Risk:Fibonacci,828,46.2,1020.303,-945,-31.5,41589.017,,,,,,
Moderate_Risk:Fibonacci,829,48.833,976.902,-1375,-45.833,17799.868,,,,,,
Moderate_Risk:Fibonacci,830,50.8,890.717,-1578,-52.6,21063.007,,,,,,
Moderate_Risk:Fibonacci,831,51.233,913.495,-515,-17.167,43398.764,,,,,,
Moderate_Risk:Fibonacci,832,48.867,1057.43,-115,-3.833,36620.006,,,,,,
Moderate_Risk:Fibonacci,833,50.3,1079.252,343,11.433,59804.185,,,,,,
Moderate_Risk:Fibonacci,834,55.433,860.944,539,17.967,69355.482,,,,,,
Moderate_Risk:Fibonacci,835,57.033,1209.413,2162,72.067,95388.202,,,,,,
Moderate_Risk:Fibonacci,836,56.533,980.326,-507,-16.9,32291.955,,,,,,
Moderate_Risk:Fibonacci,837,50.867,807.499,-1376,-45.867,17601.844,,,,,,
Moderate_Risk:Fibonacci,838,40.767,888.185,-545,-18.167,52627.454,,,,,,
Moderate_Risk:Fibonacci,839,52.933,801.72,335,11.167,144376.695,,,,,,
Moderate_Risk:Fibonacci,840,47.567,809.771,-610,-20.333,114799.264,,,,,,
Moderate_Risk:Fibonacci,841,51.2,832.855,-618,-20.6,35997.697,,,,,,
Moderate_Risk:Fibonacci,842,47.533,983.568,-1496,-49.867,30098.464,,,,,,
Moderate_Risk:Fibonacci,843,50.567,1177.564,-121,-4.033,28716.654,,,,,,
Moderate_Risk:Fibonacci,844,46.467,746.878,-1126,-37.533,56699.43,,,,,,
Moderate_Risk:Fibonacci,845,52.633,962.585,-1231,-41.033,19880.378,,,,,,
Moderate_Risk:Fibonacci,846,44.567,953.633,-1795,-59.833,12356.351,,,,,,
Moderate_Risk:Fibonacci,847,50.433,906.668,-1947,-64.9,8745.748,,,,,,
Moderate_Risk:Fibonacci,848,44.467,930.671,-1088,-36.267,71693.513,,,,,,
Moderate_Risk:Fibonacci,849,59.4,854.11,-709,-23.633,38374.999,,,,,,
Moderate_Risk:Fibonacci,850,51.8,1142.924,40,1.333,46657.816,,,,,,
Moderate_Risk:Fibonacci,851,54.633,965.413,-12,-0.4,56583.283,,,,,,
Moderate_Risk:Fibonacci,852,59.467,1018.878,621,20.7,86821.39,,,,,,
Moderate_Risk:Fibonacci,853,45.067,1029.995,-1283,-42.767,20282.668,,,,,,
Moderate_Risk:Fibonacci,854,47.667,928.851,-1377,-45.9,20879.059,,,,,,
Moderate_Risk:Fibonacci,855,52.433,677.357,-2077,-69.233,15230.047,,,,,,
Moderate_Risk:Fibonacci,856,58.867,1109.982,-154,-5.133,50717.016,,,,,,
Moderate_Risk:Fibonacci,857,52.9,843.266,-1271,-42.367,21403.068,,,,,,
Moderate_Risk:Fibonacci,858,52.933,1232.409,-894,-29.8,26073.752,,,,,,
Moderate_Risk:Fibonacci,859,57.067,900.271,-73,-2.433,48087.564,,,,,,
Moderate_Risk:Fibonacci,860,48.467,1122.671,840,28,80862.828,,,,,,
Moderate_Risk:Fibonacci,861,37,552.414,-2370,-79,6398.552,,,,,,
Moderate_Risk:Fibonacci,862,57.033,990.516,434,14.467,61826.878,,,,,,
Moderate_Risk:Fibonacci,863,51.667,917.333,-1610,-53.667,22156.92,,,,,,
Moderate_Risk:Fibonacci,864,46.233,727.151,-2700,-90,3000,,,,,,
Moderate_Risk:Fibonacci,865,46.667,1099.402,-1067,-35.567,17583.702,,,,,,
Moderate_Risk:Fibonacci,866,45.6,906.662,-1810,-60.333,18689.333,,,,,,
Moderate_Risk:Fibonacci,867,53.5,1150.259,334,11.133,71149.292,,,,,,
Moderate_Risk:Fibonacci,868,54.467,1188.809,-747,-24.9,20880.024,,,,,,
Moderate_Risk:Fibonacci,869,58.667,1080.368,427,14.233,55114.323,,,,,,
Moderate_Risk:Fibonacci,870,42.3,839.321,-1443,-48.1,28306.921,,,,,,
Moderate_Risk:Fibonacci,871,53.567,754.254,-520,-17.333,45348.023,,,,,,
Moderate_Risk:Fibonacci,872,58.7,1100.562,-613,-20.433,20173.082,,,,,,
Moderate_Risk:Fibonacci,873,55.133,957.844,-563,-18.767,32718.047,,,,,,
Moderate_Risk:Fibonacci,874,56.533,1068.74,-279,-9.3,27013.459,,,,,,
Moderate_Risk:Fibonacci,875,46.867,964.326,-2000,-66.667,11887.54,,,,,,
Moderate_Risk:Fibonacci,876,51.733,935.995,-308,-10.267,51795.03,,,,,,
Moderate_Risk:Fibonacci,877,48,1071.862,-957,-31.9,31047.266,,,,,,
Moderate_Risk:Fibonacci,878,48.367,827.757,-749,-24.967,34386.93,,,,,,
Moderate_Risk:Fibonacci,879,40.733,663.789,-1258,-41.933,41812.478,,,,,,
Moderate_Risk:Fibonacci,880,46.1,812.162,-2259,-75.3,6089.872,,,,,,
Moderate_Risk:Fibonacci,881,40.2,715.614,-1970,-65.667,12007.195,,,,,,
Moderate_Risk:Fibonacci,882,53.933,981.857,-1166,-38.867,21216.257,,,,,,
Moderate_Risk:Fibonacci,883,44.767,758.599,-898,-29.933,69860.892,,,,,,
Moderate_Risk:Fibonacci,884,45.633,1140.033,-754,-25.133,26756.12,,,,,,
Moderate_Risk:Fibonacci,885,42.167,879.868,-1528,-50.933,17598.961,,,,,,
Moderate_Risk:Fibonacci,886,66.8,1071.545,1134,37.8,73606.717,,,,,,
Moderate_Risk:Fibonacci,887,49.867,938.878,-1657,-55.233,15068.047,,,,,,
Moderate_Risk:Fibonacci,888,46,922,-1832,-61.067,15465.099,,,,,,
Moderate_Risk:Fibonacci,889,53.2,1101.2,-738,-24.6,31243.559,,,,,,
Moderate_Risk:Fibonacci,890,61.733,1200.34,4784,159.467,154471.292,,,,,,
Moderate_Risk:Fibonacci,891,48.767,1052.806,-903,-30.1,21781.334,,,,,,
Moderate_Risk:Fibonacci,892,41,683.448,-1665,-55.5,24790.19,,,,,,
Moderate_Risk:Fibonacci,893,64.1,1166.576,335,11.167,40356.557,,,,,,
Moderate_Risk:Fibonacci,894,41.567,733.082,-2191,-73.033,10836.861,,,,,,
Moderate_Risk:Fibonacci,895,49.367,957.826,-1311,-43.7,14097.597,,,,,,
Moderate_Risk:Fibonacci,896,56.2,1025.614,-833,-27.767,21692.047,,,,,,
Moderate_Risk:Fibonacci,897,64.833,1164.213,155,5.167,36598.006,,,,,,
Moderate_Risk:Fibonacci,898,48,949.103,-1455,-48.5,14662.052,,,,,,
Moderate_Risk:Fibonacci,899,45.3,788.148,-1332,-44.4,29904.455,,,,,,
Moderate_Risk:Fibonacci,900,55.833,1100.902,1468,48.933,83457.237,,,,,,
Moderate_Risk:Fibonacci,901,50.2,998.028,287,9.567,61996.392,,,,,,
Moderate_Risk:Fibonacci,902,51.1,925.197,-522,-17.4,38214.731,,,,,,
Moderate_Risk:Fibonacci,903,51.367,1158.102,-531,-17.7,24494.493,,,,,,
Moderate_Risk:Fibonacci,904,47.733,1177.03,-1365,-45.5,13983.431,,,,,,
Moderate_Risk:Fibonacci,905,46.033,824.654,-1782,-59.4,19736.593,,,,,,
Moderate_Risk:Fibonacci,906,45.733,782.685,-1356,-45.2,53190.579,,,,,,
Moderate_Risk:Fibonacci,907,51.967,831.964,-783,-26.1,40424.714,,,,,,
Moderate_Risk:Fibonacci,908,45.567,946.944,-694,-23.133,36740.533,,,,,,
Moderate_Risk:Fibonacci,909,47.767,928.185,-1284,-42.8,24167.407,,,,,,
Moderate_Risk:Fibonacci,910,52,872.966,-1414,-47.133,19529.223,,,,,,
Moderate_Risk:Fibonacci,911,46.333,872.23,-915,-30.5,40270.19,,,,,,
Moderate_Risk:Fibonacci,912,53.533,686.326,-1426,-47.533,22274.189,,,,,,
Moderate_Risk:Fibonacci,913,48,893.655,684,22.8,256572.579,,,,,,
Moderate_Risk:Fibonacci,914,50.033,1069.551,-709,-23.633,36948.102,,,,,,
Moderate_Risk:Fibonacci,915,50.933,885.375,-660,-22,52552.621,,,,,,
Moderate_Risk:Fibonacci,916,48.633,1000.24,-1078,-35.933,18656.478,,,,,,
Moderate_Risk:Fibonacci,917,45,801.862,-941,-31.367,42513.137,,,,,,
Moderate_Risk:Fibonacci,918,57.533,1019.154,2035,67.833,143191.868,,,,,,
Moderate_Risk:Fibonacci,919,44.667,1134.782,-1504,-50.133,14126.257,,,,,,
Moderate_Risk:Fibonacci,920,58.567,902.668,-453,-15.1,30403.61,,,,,,
Moderate_Risk:Fibonacci,921,53.533,808.257,-598,-19.933,48169.168,,,,,,
Moderate_Risk:Fibonacci,922,37.767,728.185,-2026,-67.533,9875.982,,,,,,
Moderate_Risk:Fibonacci,923,43.033,786.447,-2152,-71.733,8254.892,,,,,,
Moderate_Risk:Fibonacci,924,48.3,995.252,-1194,-39.8,19976.166,,,,,,
Moderate_Risk:Fibonacci,925,45.667,1017.54,-1018,-33.933,25075.926,,,,,,
Moderate_Risk:Fibonacci,926,50.467,877.706,-1884,-62.8,9760.166,,,,,,
Moderate_Risk:Fibonacci,927,44.167,522.557,-2584,-86.133,5768.533,,,,,,
Moderate_Risk:Fibonacci,928,50.033,995.206,-1036,-34.533,32294.947,,,,,,
Moderate_Risk:Fibonacci,929,49.933,783.857,-2263,-75.433,9244.806,,,,,,
Moderate_Risk:Fibonacci,930,47.767,898.392,-1593,-53.1,23819.955,,,,,,
Moderate_Risk:Fibonacci,931,50.1,592.369,-2151,-71.7,12079.941,,,,,,
Moderate_Risk:Fibonacci,932,61.233,1125.633,-807,-26.9,21209.059,,,,,,
Moderate_Risk:Fibonacci,933,48.733,970.34,-634,-21.133,57190.809,,,,,,
Moderate_Risk:Fibonacci,934,44.233,929.426,-1608,-53.6,17124.593,,,,,,
Moderate_Risk:Fibonacci,935,50.633,1114.102,-929,-30.967,26749.482,,,,,,
Moderate_Risk:Fibonacci,936,47.2,892.855,-1934,-64.467,12534.809,,,,,,
Moderate_Risk:Fibonacci,937,53.8,977.752,-555,-18.5,29978.81,,,,,,
Moderate_Risk:Fibonacci,938,63.1,1127.128,2154,71.8,86764.579,,,,,,
Moderate_Risk:Fibonacci,939,47.867,894.947,-2275,-75.833,8458.764,,,,,,
Moderate_Risk:Fibonacci,940,54.9,949.61,-416,-13.867,42584.326,,,,,,
Moderate_Risk:Fibonacci,941,51.267,854.409,-925,-30.833,36359.661,,,,,,
Moderate_Risk:Fibonacci,942,40.367,886.999,-273,-9.1,67168.024,,,,,,
Moderate_Risk:Fibonacci,943,54.567,1113.909,227,7.567,51559.289,,,,,,
Moderate_Risk:Fibonacci,944,54.3,943.459,-1123,-37.433,35417.289,,,,,,
Moderate_Risk:Fibonacci,945,46.8,890.234,-2166,-72.2,9458.097,,,,,,
Moderate_Risk:Fibonacci,946,46.367,891.344,-1338,-44.6,27766.179,,,,,,
Moderate_Risk:Fibonacci,947,48.8,989.407,-251,-8.367,81414.447,,,,,,
Moderate_Risk:Fibonacci,948,44,842.345,-1218,-40.6,32624.662,,,,,,
Moderate_Risk:Fibonacci,949,50.2,908.372,-1890,-63,9942.069,,,,,,
Moderate_Risk:Fibonacci,950,46.767,865.633,-890,-29.667,41339.402,,,,,,
Moderate_Risk:Fibonacci,951,61.5,932.259,297,9.9,30494.438,,,,,,
Moderate_Risk:Fibonacci,952,49.367,955.689,-190,-6.333,55994.092,,,,,,
Moderate_Risk:Fibonacci,953,52.7,848.493,-1205,-40.167,28704.695,,,,,,
Moderate_Risk:Fibonacci,954,47.4,979.834,-1001,-33.367,33075.964,,,,,,
Moderate_Risk:Fibonacci,955,45.833,764.351,-2357,-78.567,7510.599,,,,,,
Moderate_Risk:Fibonacci,956,56.433,954.668,-1530,-51,16180,,,,,,
Moderate_Risk:Fibonacci,957,51.6,937.007,-1286,-42.867,31864.947,,,,,,
Moderate_Risk:Fibonacci,958,51.033,702.654,-1273,-42.433,43606.599,,,,,,
Moderate_Risk:Fibonacci,959,44.6,910.041,-1782,-59.4,16111.559,,,,,,
Moderate_Risk:Fibonacci,960,51.833,1217.247,1028,34.267,86159.995,,,,,,
Moderate_Risk:Fibonacci,961,51.8,796.372,-2097,-69.9,15198.576,,,,,,
Moderate_Risk:Fibonacci,962,41.467,583.637,-3000,-100,0,,,,,,
Moderate_Risk:Fibonacci,963,55.133,1011.568,877,29.233,75587.978,,,,,,
Moderate_Risk:Fibonacci,964,54.4,869.145,-1093,-36.433,24781.357,,,,,,
Moderate_Risk:Fibonacci,965,57.9,1023.541,317,10.567,47157.013,,,,,,
Moderate_Risk:Fibonacci,966,52.3,751.114,-1321,-44.033,27927.895,,,,,,
Moderate_Risk:Fibonacci,967,54.367,995.551,-490,-16.333,27719.333,,,,,,
Moderate_Risk:Fibonacci,968,42.433,827.702,-1937,-64.567,26226.323,,,,,,
Moderate_Risk:Fibonacci,969,52.267,996.064,-1452,-48.4,15233.972,,,,,,
Moderate_Risk:Fibonacci,970,54.7,925.666,-880,-29.333,51462.782,,,,,,
Moderate_Risk:Fibonacci,971,62.533,1126.189,150,5,36211.379,,,,,,
Moderate_Risk:Fibonacci,972,50.033,904.861,-1295,-43.167,17441.454,,,,,,
Moderate_Risk:Fibonacci,973,54.133,890.809,-1113,-37.1,26167.679,,,,,,
Moderate_Risk:Fibonacci,974,45.567,1007.495,-655,-21.833,40156.833,,,,,,
Moderate_Risk:Fibonacci,975,45.7,712.286,-2282,-76.067,9288.892,,,,,,
Moderate_Risk:Fibonacci,976,54.733,1229.995,-436,-14.533,29588.189,,,,,,
Moderate_Risk:Fibonacci,977,55.6,1108.938,-1010,-33.667,20366.644,,,,,,
Moderate_Risk:Fibonacci,978,50.9,717.266,-2259,-75.3,10046.562,,,,,,
Moderate_Risk:Fibonacci,979,49.567,902.668,-939,-31.3,35808.907,,,,,,
Moderate_Risk:Fibonacci,980,52.367,881.413,-1563,-52.1,16014.783,,,,,,
Moderate_Risk:Fibonacci,981,44.2,879.614,-880,-29.333,46114.92,,,,,,
Moderate_Risk:Fibonacci,982,49.6,909.007,-1710,-57,19244.966,,,,,,
Moderate_Risk:Fibonacci,983,58,1055.241,-441,-14.7,33854.976,,,,,,
Moderate_Risk:Fibonacci,984,47.933,749.306,-1417,-47.233,23341.978,,,,,,
Moderate_Risk:Fibonacci,985,42.833,635.73,-2335,-77.833,14740.833,,,,,,
Moderate_Risk:Fibonacci,986,53.933,1259.03,-85,-2.833,42828.075,,,,,,
Moderate_Risk:Fibonacci,987,52.633,936.999,-736,-24.533,27614.878,,,,,,
Moderate_Risk:Fibonacci,988,58.033,1057.551,610,20.333,43814.92,,,,,,
Moderate_Risk:Fibonacci,989,54.533,851.292,-946,-31.533,35910.326,,,,,,
Moderate_Risk:Fibonacci,990,58.267,1027.306,351,11.7,42088.562,,,,,,
Moderate_Risk:Fibonacci,991,48.6,993.49,-1180,-39.333,18476.782,,,,,,
Moderate_Risk:Fibonacci,992,57.067,829.789,-553,-18.433,54130.047,,,,,,
Moderate_Risk:Fibonacci,993,52.433,1248.668,-525,-17.5,40249.776,,,,,,
Moderate_Risk:Fibonacci,994,54.867,922.74,738,24.6,105430.179,,,,,,
Moderate_Risk:Fibonacci,995,35.2,336.234,-2874,-95.8,529.2,,,,,,
Moderate_Risk:Fibonacci,996,53.933,1025.926,1616,53.867,161573.223,,,,,,
Moderate_Risk:Fibonacci,997,57.7,1101.114,339,11.3,37678.079,,,,,,
Moderate_Risk:Fibonacci,998,46.767,787.633,-2244,-74.8,9243.752,,,,,,
Moderate_Risk:Fibonacci,999,46.833,958.144,-874,-29.133,26368.947,,,,,,