Player,replication,avg_num_rounds,variance_rounds,sum_profits,mean_day_profits,variance_profits
Moderate_Risk:Martingale,0,44.667,1133.264,-1358,-45.267,20417.168
Moderate_Risk:Martingale,1,35.1,846.852,-2115,-70.5,9160.19
Moderate_Risk:Martingale,2,45.867,1366.533,-520,-17.333,29127.885
Moderate_Risk:Martingale,3,45.533,1110.326,-432,-14.4,30945.076
Moderate_Risk:Martingale,4,50.233,1173.357,-321,-10.7,29833.803
Moderate_Risk:Martingale,5,36.233,1027.84,-1012,-33.733,34311.444
Moderate_Risk:Martingale,6,37.9,747.472,-1637,-54.567,21002.737
Moderate_Risk:Martingale,7,54.967,1284.171,-359,-11.967,27740.171
Moderate_Risk:Martingale,8,48.2,1181.338,-635,-21.167,27708.626
Moderate_Risk:Martingale,9,43.567,1059.289,-1079,-35.967,29661.068
Moderate_Risk:Martingale,10,43.233,1240.875,-271,-9.033,40010.309
Moderate_Risk:Martingale,11,48.367,992.171,-405,-13.5,42864.879
Moderate_Risk:Martingale,12,41.5,991.293,-1187,-39.567,26829.151
Moderate_Risk:Martingale,13,46.033,1043.344,-473,-15.767,30063.495
Moderate_Risk:Martingale,14,34.133,759.085,-1779,-59.3,15823.666
Moderate_Risk:Martingale,15,54.167,1211.523,510,17.0,41808.138
Moderate_Risk:Martingale,16,49.167,1365.868,-442,-14.733,25240.892
Moderate_Risk:Martingale,17,40.133,975.499,-1799,-59.967,15205.964
Moderate_Risk:Martingale,18,52.7,1455.872,103,3.433,35142.185
Moderate_Risk:Martingale,19,40.133,984.809,-1189,-39.633,24914.723
Moderate_Risk:Martingale,20,48.367,1206.723,-903,-30.1,29699.541
Moderate_Risk:Martingale,21,43.4,1062.662,-1511,-50.367,16798.516
Moderate_Risk:Martingale,22,39.633,1316.999,-848,-28.267,27039.995
Moderate_Risk:Martingale,23,41.4,1186.731,-149,-4.967,51379.137
Moderate_Risk:Martingale,24,54.567,1391.426,1009,33.633,49022.723
Moderate_Risk:Martingale,25,55.867,1241.223,-243,-8.1,30086.231
Moderate_Risk:Martingale,26,53.467,1253.223,-523,-17.433,31182.806
Moderate_Risk:Martingale,27,43.567,1213.564,-1159,-38.633,20379.275
Moderate_Risk:Martingale,28,44.467,1206.326,-512,-17.067,30304.133
Moderate_Risk:Martingale,29,38.967,1161.895,-658,-21.933,42152.064
Moderate_Risk:Martingale,30,37.9,1123.472,-1284,-42.8,30030.924
Moderate_Risk:Martingale,31,49.867,1324.809,-223,-7.433,30351.495
Moderate_Risk:Martingale,32,49.433,1033.426,-241,-8.033,35979.964
Moderate_Risk:Martingale,33,42.767,1215.013,-1104,-36.8,23910.372
Moderate_Risk:Martingale,34,44.5,1142.19,-1677,-55.9,11636.921
Moderate_Risk:Martingale,35,48.5,1179.776,-1018,-33.933,20114.133
Moderate_Risk:Martingale,36,47.333,1090.023,-1236,-41.2,23633.545
Moderate_Risk:Martingale,37,44.467,1036.602,-1480,-49.333,16679.747
Moderate_Risk:Martingale,38,47.2,953.338,-953,-31.767,26694.53
Moderate_Risk:Martingale,39,52.567,1360.254,280,9.333,47235.402
Moderate_Risk:Martingale,40,46.567,1245.84,-402,-13.4,35958.593
Moderate_Risk:Martingale,41,49.767,933.84,-753,-25.1,30796.714
Moderate_Risk:Martingale,42,55.033,1550.792,1036,34.533,41931.568
Moderate_Risk:Martingale,43,52.3,1186.907,-533,-17.767,29522.254
Moderate_Risk:Martingale,44,47.633,1084.999,-1072,-35.733,24409.651
Moderate_Risk:Martingale,45,59.533,1137.844,1003,33.433,43353.771
Moderate_Risk:Martingale,46,41.8,1152.717,53,1.767,46929.702
Moderate_Risk:Martingale,47,48.333,1172.299,-919,-30.633,27716.516
Moderate_Risk:Martingale,48,49.2,1181.2,-337,-11.233,31176.668
Moderate_Risk:Martingale,49,45.6,1150.731,-1401,-46.7,20090.907
Moderate_Risk:Martingale,50,55.767,1068.461,-87,-2.9,43550.714
Moderate_Risk:Martingale,51,61.333,1311.747,1626,54.2,52799.269
Moderate_Risk:Martingale,52,41.8,1050.028,-2188,-72.933,7299.857
Moderate_Risk:Martingale,53,47.367,1256.516,-956,-31.867,30398.878
Moderate_Risk:Martingale,54,51.933,1238.754,-387,-12.9,32106.024
Moderate_Risk:Martingale,55,50.967,1114.447,-1329,-44.3,18293.459
Moderate_Risk:Martingale,56,39.867,1111.016,-1103,-36.767,26178.875
Moderate_Risk:Martingale,57,43.533,1123.982,-1667,-55.567,18708.806
Moderate_Risk:Martingale,58,45.067,1092.133,-884,-29.467,26332.051
Moderate_Risk:Martingale,59,44.8,1143.131,-977,-32.567,33529.771
Moderate_Risk:Martingale,60,42.133,1175.499,-1283,-42.767,18961.978
Moderate_Risk:Martingale,61,54.833,1274.351,945,31.5,56559.983
Moderate_Risk:Martingale,62,47.0,1107.034,-261,-8.7,44456.493
Moderate_Risk:Martingale,63,44.767,1054.323,-733,-24.433,30598.047
Moderate_Risk:Martingale,64,42.033,1039.413,-1268,-42.267,18696.271
Moderate_Risk:Martingale,65,49.3,1204.217,-600,-20.0,31838.552
Moderate_Risk:Martingale,66,49.367,1481.068,314,10.467,43268.602
Moderate_Risk:Martingale,67,52.133,1344.12,-257,-8.567,35892.668
Moderate_Risk:Martingale,68,49.6,1134.041,-811,-27.033,25014.309
Moderate_Risk:Martingale,69,40.933,1273.099,-563,-18.767,28119.082
Moderate_Risk:Martingale,70,39.7,955.803,-1297,-43.233,21982.737
Moderate_Risk:Martingale,71,41.1,1048.024,-1375,-45.833,21920.971
Moderate_Risk:Martingale,72,39.7,987.803,-1761,-58.7,16361.459
Moderate_Risk:Martingale,73,52.333,1273.609,231,7.7,41975.872
Moderate_Risk:Martingale,74,55.1,1319.886,509,16.967,46269.964
Moderate_Risk:Martingale,75,41.0,1208.414,-1542,-51.4,18877.559
Moderate_Risk:Martingale,76,37.5,848.052,-2224,-74.133,10750.602
Moderate_Risk:Martingale,77,46.967,1152.999,-1134,-37.8,21428.234
Moderate_Risk:Martingale,78,43.0,1328.138,-553,-18.433,28205.013
Moderate_Risk:Martingale,79,44.267,1106.064,-1536,-51.2,16551.959
Moderate_Risk:Martingale,80,44.967,933.068,-1127,-37.567,26278.737
Moderate_Risk:Martingale,81,46.2,1331.407,-61,-2.033,28968.171
Moderate_Risk:Martingale,82,49.9,1513.886,-161,-5.367,33324.102
Moderate_Risk:Martingale,83,48.933,1062.823,-1223,-40.767,28467.357
Moderate_Risk:Martingale,84,40.333,1160.644,-1086,-36.2,25398.924
Moderate_Risk:Martingale,85,37.367,966.723,-1150,-38.333,26756.506
Moderate_Risk:Martingale,86,43.967,1046.24,-1723,-57.433,18702.323
Moderate_Risk:Martingale,87,47.267,1123.375,-461,-15.367,31567.551
Moderate_Risk:Martingale,88,58.767,1102.461,679,22.633,44895.068
Moderate_Risk:Martingale,89,29.0,592.69,-2792,-93.067,1442.133
Moderate_Risk:Martingale,90,56.367,1411.275,1344,44.8,48169.752
Moderate_Risk:Martingale,91,48.6,1195.145,-374,-12.467,32217.775
Moderate_Risk:Martingale,92,56.8,1119.2,1159,38.633,50627.757
Moderate_Risk:Martingale,93,42.4,1423.007,-795,-26.5,28363.914
Moderate_Risk:Martingale,94,51.733,1307.375,-148,-4.933,33975.03
Moderate_Risk:Martingale,95,45.7,1171.734,-985,-32.833,24977.868
Moderate_Risk:Martingale,96,43.267,1222.133,-1552,-51.733,16976.409
Moderate_Risk:Martingale,97,48.633,1188.516,-569,-18.967,37612.654
Moderate_Risk:Martingale,98,47.9,1156.162,-387,-12.9,34434.852
Moderate_Risk:Martingale,99,41.4,1219.352,-842,-28.067,35430.271
Moderate_Risk:Martingale,100,49.567,1108.047,-272,-9.067,35325.306
Moderate_Risk:Martingale,101,42.1,1003.403,-1678,-55.933,15021.444
Moderate_Risk:Martingale,102,64.967,1016.171,612,20.4,36610.179
Moderate_Risk:Martingale,103,46.933,997.375,-1114,-37.133,21265.154
Moderate_Risk:Martingale,104,60.7,1325.39,1700,56.667,55839.402
Moderate_Risk:Martingale,105,53.367,1453.344,1177,39.233,47793.289
Moderate_Risk:Martingale,106,56.333,1516.851,816,27.2,34579.2
Moderate_Risk:Martingale,107,55.8,1099.338,-216,-7.2,29416.303
Moderate_Risk:Martingale,108,49.6,1266.11,-484,-16.133,25590.189
Moderate_Risk:Martingale,109,45.333,1158.092,-510,-17.0,32422.621
Moderate_Risk:Martingale,110,41.7,1036.907,-810,-27.0,38560.138
Moderate_Risk:Martingale,111,42.1,1180.162,-1172,-39.067,27541.375
Moderate_Risk:Martingale,112,38.833,1026.075,-470,-15.667,38171.609
Moderate_Risk:Martingale,113,35.7,988.976,-1695,-56.5,17684.741
Moderate_Risk:Martingale,114,39.533,998.533,-1293,-43.1,23489.955
Moderate_Risk:Martingale,115,48.333,1077.885,-890,-29.667,20852.368
Moderate_Risk:Martingale,116,44.233,967.633,-703,-23.433,33250.53
Moderate_Risk:Martingale,117,43.733,1344.271,-180,-6.0,38347.103
Moderate_Risk:Martingale,118,42.033,1346.93,-525,-17.5,29671.845
Moderate_Risk:Martingale,119,57.433,1329.84,429,14.3,48602.424
Moderate_Risk:Martingale,120,38.767,1045.702,-1478,-49.267,24013.995
Moderate_Risk:Martingale,121,30.767,582.185,-2609,-86.967,5096.033
Moderate_Risk:Martingale,122,59.1,1452.231,1712,57.067,45201.926
Moderate_Risk:Martingale,123,42.867,1142.051,-1235,-41.167,17970.764
Moderate_Risk:Martingale,124,49.9,1309.679,-929,-30.967,18284.792
Moderate_Risk:Martingale,125,51.233,1280.53,-273,-9.1,30087.541
Moderate_Risk:Martingale,126,51.267,1356.409,37,1.233,36871.564
Moderate_Risk:Martingale,127,41.633,1289.62,-1258,-41.933,21514.961
Moderate_Risk:Martingale,128,46.467,1455.223,13,0.433,36960.806
Moderate_Risk:Martingale,129,48.0,1287.172,-1107,-36.9,24027.541
Moderate_Risk:Martingale,130,40.3,1084.976,-648,-21.6,37168.593
Moderate_Risk:Martingale,131,37.033,964.585,-2458,-81.933,7513.513
Moderate_Risk:Martingale,132,44.267,1131.306,-220,-7.333,38458.782
Moderate_Risk:Martingale,133,50.767,1068.875,-1657,-55.233,13980.944
Moderate_Risk:Martingale,134,49.633,1646.171,910,30.333,49612.437
Moderate_Risk:Martingale,135,51.233,1203.426,-627,-20.9,33889.886
Moderate_Risk:Martingale,136,45.067,1152.064,-523,-17.433,29034.392
Moderate_Risk:Martingale,137,48.667,1259.264,-150,-5.0,31035.034
Moderate_Risk:Martingale,138,55.933,1370.754,435,14.5,33191.707
Moderate_Risk:Martingale,139,40.8,1133.338,-1010,-33.667,26213.609
Moderate_Risk:Martingale,140,34.0,832.414,-2198,-73.267,9495.513
Moderate_Risk:Martingale,141,36.6,580.041,-2527,-84.233,7457.633
Moderate_Risk:Martingale,142,55.7,1431.114,1208,40.267,42427.995
Moderate_Risk:Martingale,143,51.3,1252.907,-87,-2.9,35385.266
Moderate_Risk:Martingale,144,40.1,953.334,-1042,-34.733,29405.03
Moderate_Risk:Martingale,145,50.3,1407.734,-140,-4.667,33399.954
Moderate_Risk:Martingale,146,47.867,1118.602,81,2.7,46748.976
Moderate_Risk:Martingale,147,42.267,1201.375,-59,-1.967,35347.895
Moderate_Risk:Martingale,148,52.833,958.351,-78,-2.6,39465.076
Moderate_Risk:Martingale,149,56.367,1373.689,902,30.067,50080.616
Moderate_Risk:Martingale,150,47.333,1330.023,21,0.7,36337.872
Moderate_Risk:Martingale,151,48.5,1362.19,-636,-21.2,27553.752
Moderate_Risk:Martingale,152,49.533,1156.809,-281,-9.367,31179.413
Moderate_Risk:Martingale,153,56.267,1375.444,88,2.933,29269.857
Moderate_Risk:Martingale,154,32.467,947.844,-1392,-46.4,20385.834
Moderate_Risk:Martingale,155,47.533,1287.016,248,8.267,37213.444
Moderate_Risk:Martingale,156,42.167,902.764,-1700,-56.667,17652.851
Moderate_Risk:Martingale,157,55.833,1067.868,292,9.733,38031.582
Moderate_Risk:Martingale,158,43.167,893.385,-1675,-55.833,18509.523
Moderate_Risk:Martingale,159,42.5,849.776,-2159,-71.967,11686.516
Moderate_Risk:Martingale,160,40.6,1134.386,-1450,-48.333,21216.92
Moderate_Risk:Martingale,161,41.933,1074.202,-2124,-70.8,14070.234
Moderate_Risk:Martingale,162,58.267,1459.237,1495,49.833,39324.833
Moderate_Risk:Martingale,163,57.8,1310.855,354,11.8,39222.648
Moderate_Risk:Martingale,164,35.2,717.062,-2359,-78.633,7240.861
Moderate_Risk:Martingale,165,42.933,1116.616,-632,-21.067,29261.789
Moderate_Risk:Martingale,166,48.9,1177.541,-572,-19.067,25741.857
Moderate_Risk:Martingale,167,47.233,1297.978,-89,-2.967,33284.723
Moderate_Risk:Martingale,168,58.767,1534.944,781,26.033,37164.102
Moderate_Risk:Martingale,169,58.167,1293.937,1474,49.133,49971.568
Moderate_Risk:Martingale,170,53.167,1310.144,514,17.133,35484.809
Moderate_Risk:Martingale,171,46.867,1108.257,-1437,-47.9,19711.472
Moderate_Risk:Martingale,172,44.667,928.851,-2481,-82.7,8978.7
Moderate_Risk:Martingale,173,49.4,1371.559,-23,-0.767,41638.461
Moderate_Risk:Martingale,174,59.9,1532.852,1618,53.933,58739.857
Moderate_Risk:Martingale,175,50.333,1511.885,554,18.467,47221.913
Moderate_Risk:Martingale,176,39.367,1084.516,-1158,-38.6,21810.869
Moderate_Risk:Martingale,177,47.833,1171.73,-1001,-33.367,24405.62
Moderate_Risk:Martingale,178,39.2,1051.752,-1930,-64.333,12004.23
Moderate_Risk:Martingale,179,47.1,1482.921,276,9.2,33981.269
Moderate_Risk:Martingale,180,45.367,1204.999,-300,-10.0,32868.138
Moderate_Risk:Martingale,181,34.733,999.995,-1769,-58.967,13818.033
Moderate_Risk:Martingale,182,49.433,1140.806,-460,-15.333,29936.851
Moderate_Risk:Martingale,183,42.4,1124.524,-56,-1.867,41578.257
Moderate_Risk:Martingale,184,46.567,865.013,-1403,-46.767,19481.633
Moderate_Risk:Martingale,185,46.833,990.902,109,3.633,51495.62
Moderate_Risk:Martingale,186,47.033,1328.861,-569,-18.967,32125.895
Moderate_Risk:Martingale,187,56.033,1294.723,327,10.9,46643.197
Moderate_Risk:Martingale,188,37.8,1299.752,-958,-31.933,24154.478
Moderate_Risk:Martingale,189,55.233,1178.944,-17,-0.567,34126.53
Moderate_Risk:Martingale,190,45.733,1187.306,-922,-30.733,19072.478
Moderate_Risk:Martingale,191,41.933,1153.789,-353,-11.767,34344.461
Moderate_Risk:Martingale,192,33.867,775.223,-2362,-78.733,13568.133
Moderate_Risk:Martingale,193,50.9,1111.197,-1289,-42.967,22438.033
Moderate_Risk:Martingale,194,51.733,1451.513,899,29.967,49415.551
Moderate_Risk:Martingale,195,38.333,1162.368,-1741,-58.033,15445.62
Moderate_Risk:Martingale,196,36.333,902.23,-731,-24.367,39432.102
Moderate_Risk:Martingale,197,54.7,1325.252,-733,-24.433,18562.047
Moderate_Risk:Martingale,198,48.267,1396.271,-464,-15.467,33859.43
Moderate_Risk:Martingale,199,43.8,961.683,-1813,-60.433,15836.944
Moderate_Risk:Martingale,200,35.567,899.22,-1589,-52.967,21446.378
Moderate_Risk:Martingale,201,44.467,1011.292,-751,-25.033,30775.275
Moderate_Risk:Martingale,202,42.733,1273.72,-733,-24.433,31449.495
Moderate_Risk:Martingale,203,47.2,1151.2,-249,-8.3,31534.424
Moderate_Risk:Martingale,204,34.7,1008.01,-677,-22.567,38525.013
Moderate_Risk:Martingale,205,42.8,1068.717,-2038,-67.933,9758.133
Moderate_Risk:Martingale,206,41.433,1173.84,-433,-14.433,32084.185
Moderate_Risk:Martingale,207,46.867,1143.292,-1784,-59.467,12434.533
Moderate_Risk:Martingale,208,43.667,918.023,-1537,-51.233,16470.323
Moderate_Risk:Martingale,209,57.333,1231.471,876,29.2,44397.407
Moderate_Risk:Martingale,210,54.3,1358.769,182,6.067,33215.237
Moderate_Risk:Martingale,211,52.633,1289.344,-3,-0.1,31025.817
Moderate_Risk:Martingale,212,54.367,1228.378,348,11.6,38962.248
Moderate_Risk:Martingale,213,54.567,1234.944,64,2.133,34673.568
Moderate_Risk:Martingale,214,44.433,1112.461,-940,-31.333,25323.471
Moderate_Risk:Martingale,215,39.233,945.909,-1501,-50.033,23803.551
Moderate_Risk:Martingale,216,44.567,1088.461,-635,-21.167,33141.937
Moderate_Risk:Martingale,217,46.333,1231.609,-453,-15.1,30569.541
Moderate_Risk:Martingale,218,42.467,1163.982,-720,-24.0,32221.655
Moderate_Risk:Martingale,219,54.3,1190.562,-629,-20.967,36258.447
Moderate_Risk:Martingale,220,39.9,715.817,-2481,-82.7,8978.7
Moderate_Risk:Martingale,221,41.533,753.844,-1991,-66.367,15601.275
Moderate_Risk:Martingale,222,50.0,1143.724,-1440,-48.0,18749.586
Moderate_Risk:Martingale,223,48.2,1113.131,-754,-25.133,24254.464
Moderate_Risk:Martingale,224,38.867,970.051,-1146,-38.2,26099.89
Moderate_Risk:Martingale,225,45.167,1127.109,-835,-27.833,26018.833
Moderate_Risk:Martingale,226,41.967,901.413,-1343,-44.767,21424.737
Moderate_Risk:Martingale,227,42.167,1267.109,-501,-16.7,31605.666
Moderate_Risk:Martingale,228,28.233,449.289,-2554,-85.133,6630.533
Moderate_Risk:Martingale,229,45.467,1282.257,-1298,-43.267,17764.616
Moderate_Risk:Martingale,230,36.267,1034.892,-1878,-62.6,20501.834
Moderate_Risk:Martingale,231,56.567,1413.357,-336,-11.2,27298.028
Moderate_Risk:Martingale,232,42.167,1241.937,-1410,-47.0,15434.552
Moderate_Risk:Martingale,233,53.7,1423.459,438,14.6,39647.697
Moderate_Risk:Martingale,234,46.3,977.941,-966,-32.2,26611.131
Moderate_Risk:Martingale,235,46.667,1127.678,-606,-20.2,35409.407
Moderate_Risk:Martingale,236,44.2,896.372,-1942,-64.733,16213.444
Moderate_Risk:Martingale,237,53.9,1242.3,-745,-24.833,20811.385
Moderate_Risk:Martingale,238,48.8,1142.924,-1386,-46.2,20206.097
Moderate_Risk:Martingale,239,53.833,1254.075,-160,-5.333,31667.885
Moderate_Risk:Martingale,240,38.5,804.534,-2535,-84.5,7207.5
Moderate_Risk:Martingale,241,47.333,1128.368,-629,-20.967,29505.137
Moderate_Risk:Martingale,242,44.733,1229.375,-1196,-39.867,20219.43
Moderate_Risk:Martingale,243,51.6,1238.593,-216,-7.2,29633.476
Moderate_Risk:Martingale,244,50.533,1181.016,-139,-4.633,33206.309
Moderate_Risk:Martingale,245,42.5,1274.948,-1250,-41.667,21292.92
Moderate_Risk:Martingale,246,37.633,1565.206,-673,-22.433,21339.978
Moderate_Risk:Martingale,247,55.267,1168.754,71,2.367,37709.964
Moderate_Risk:Martingale,248,46.867,1190.464,-1732,-57.733,10624.685
Moderate_Risk:Martingale,249,40.633,1067.826,-1826,-60.867,10351.085
Moderate_Risk:Martingale,250,41.2,983.614,-853,-28.433,27036.875
Moderate_Risk:Martingale,251,56.767,1185.426,329,10.967,38240.999
Moderate_Risk:Martingale,252,53.0,1479.172,639,21.3,39509.183
Moderate_Risk:Martingale,253,45.0,1337.103,-432,-14.4,29971.972
Moderate_Risk:Martingale,254,50.033,1204.24,-1506,-50.2,14745.752
Moderate_Risk:Martingale,255,48.567,1131.909,-1169,-38.967,23834.516
Moderate_Risk:Martingale,256,52.933,1068.616,-1541,-51.367,23376.861
Moderate_Risk:Martingale,257,36.333,1006.989,-1768,-58.933,12168.892
Moderate_Risk:Martingale,258,50.267,1443.099,-16,-0.533,31045.154
Moderate_Risk:Martingale,259,41.067,1383.375,-508,-16.933,36571.099
Moderate_Risk:Martingale,260,51.367,966.654,-838,-27.933,27603.444
Moderate_Risk:Martingale,261,48.367,1145.275,-1003,-33.433,23535.357
Moderate_Risk:Martingale,262,40.167,1102.695,-1762,-58.733,22676.754
Moderate_Risk:Martingale,263,46.867,1114.947,-989,-32.967,24973.068
Moderate_Risk:Martingale,264,47.733,1335.237,-78,-2.6,34602.869
Moderate_Risk:Martingale,265,50.1,1312.714,440,14.667,44686.023
Moderate_Risk:Martingale,266,54.733,1522.064,1847,61.567,61655.633
Moderate_Risk:Martingale,267,46.9,1137.334,156,5.2,38830.993
Moderate_Risk:Martingale,268,47.5,1202.259,-1200,-40.0,19428.276
Moderate_Risk:Martingale,269,46.5,829.983,-1554,-51.8,16859.338
Moderate_Risk:Martingale,270,45.667,1179.885,-518,-17.267,25721.789
Moderate_Risk:Martingale,271,47.3,1083.252,-1105,-36.833,27168.626
Moderate_Risk:Martingale,272,56.767,1564.392,1843,61.433,44283.564
Moderate_Risk:Martingale,273,39.133,1158.051,-1386,-46.2,17947.614
Moderate_Risk:Martingale,274,42.667,1128.989,-675,-22.5,32066.948
Moderate_Risk:Martingale,275,49.667,1125.678,-1156,-38.533,22513.499
Moderate_Risk:Martingale,276,53.567,1609.978,596,19.867,36372.809
Moderate_Risk:Martingale,277,41.033,1089.757,-1688,-56.267,18162.754
Moderate_Risk:Martingale,278,45.667,1211.195,-263,-8.767,38535.013
Moderate_Risk:Martingale,279,39.167,979.937,-1431,-47.7,20669.252
Moderate_Risk:Martingale,280,46.233,1173.702,-775,-25.833,23603.247
Moderate_Risk:Martingale,281,41.167,1053.937,-1274,-42.467,24134.051
Moderate_Risk:Martingale,282,53.1,1428.024,472,15.733,40116.409
Moderate_Risk:Martingale,283,37.767,1182.185,-1118,-37.267,22259.099
Moderate_Risk:Martingale,284,39.933,894.685,-940,-31.333,32856.023
Moderate_Risk:Martingale,285,50.167,1119.592,-977,-32.567,22282.875
Moderate_Risk:Martingale,286,43.1,1048.507,-1621,-54.033,14539.413
Moderate_Risk:Martingale,287,44.733,1092.34,-1931,-64.367,11330.792
Moderate_Risk:Martingale,288,42.367,1232.585,-601,-20.033,32236.93
Moderate_Risk:Martingale,289,43.233,864.392,-1547,-51.567,21860.047
Moderate_Risk:Martingale,290,57.5,1461.638,1399,46.633,44574.93
Moderate_Risk:Martingale,291,49.867,1116.257,-1183,-39.433,20616.254
Moderate_Risk:Martingale,292,47.4,916.731,-1401,-46.7,20877.941
Moderate_Risk:Martingale,293,43.767,1241.564,500,16.667,60873.609
Moderate_Risk:Martingale,294,50.267,1531.72,873,29.1,47354.921
Moderate_Risk:Martingale,295,41.267,1198.271,-1645,-54.833,14733.109
Moderate_Risk:Martingale,296,47.867,1287.292,-343,-11.433,32490.047
Moderate_Risk:Martingale,297,48.533,1221.706,-897,-29.9,22623.541
Moderate_Risk:Martingale,298,56.733,1289.789,55,1.833,30840.282
Moderate_Risk:Martingale,299,46.8,1319.407,311,10.367,43895.895
Moderate_Risk:Martingale,300,47.267,1200.892,-470,-15.667,31220.23
Moderate_Risk:Martingale,301,46.467,1049.706,-821,-27.367,30347.964
Moderate_Risk:Martingale,302,51.067,1271.926,-550,-18.333,28986.023
Moderate_Risk:Martingale,303,51.6,1281.283,64,2.133,38230.051
Moderate_Risk:Martingale,304,51.2,1297.959,-472,-15.733,24909.444
Moderate_Risk:Martingale,305,42.4,1322.938,-223,-7.433,30925.151
Moderate_Risk:Martingale,306,50.367,1345.62,585,19.5,44340.052
Moderate_Risk:Martingale,307,55.467,1426.051,392,13.067,44433.306
Moderate_Risk:Martingale,308,37.133,1027.982,-1236,-41.2,23470.303
Moderate_Risk:Martingale,309,44.2,1000.097,-872,-29.067,29203.857
Moderate_Risk:Martingale,310,51.333,1460.782,949,31.633,39668.171
Moderate_Risk:Martingale,311,46.2,1445.89,-722,-24.067,30801.375
Moderate_Risk:Martingale,312,38.9,1173.817,-1503,-50.1,17659.748
Moderate_Risk:Martingale,313,34.833,894.006,-921,-30.7,32716.01
Moderate_Risk:Martingale,314,41.433,1059.702,-1388,-46.267,20136.892
Moderate_Risk:Martingale,315,55.767,1247.013,-330,-11.0,29126.759
Moderate_Risk:Martingale,316,45.3,1144.01,-1286,-42.867,20754.257
Moderate_Risk:Martingale,317,39.733,1158.685,-506,-16.867,36242.189
Moderate_Risk:Martingale,318,46.667,1020.989,-981,-32.7,24548.148
Moderate_Risk:Martingale,319,32.233,644.668,-2573,-85.767,6077.633
Moderate_Risk:Martingale,320,48.633,1549.206,-81,-2.7,34805.252
Moderate_Risk:Martingale,321,41.6,1302.317,-858,-28.6,27355.628
Moderate_Risk:Martingale,322,39.767,968.668,-1217,-40.567,24777.702
Moderate_Risk:Martingale,323,47.467,1249.844,-378,-12.6,34847.283
Moderate_Risk:Martingale,324,42.833,930.695,-1376,-45.867,20166.533
Moderate_Risk:Martingale,325,41.167,1067.73,-1909,-63.633,12921.964
Moderate_Risk:Martingale,326,45.533,1169.223,-1108,-36.933,20927.168
Moderate_Risk:Martingale,327,55.233,1212.737,-350,-11.667,27734.368
Moderate_Risk:Martingale,328,45.9,1182.645,-104,-3.467,39778.326
Moderate_Risk:Martingale,329,56.167,1381.109,1380,46.0,44166.276
Moderate_Risk:Martingale,330,45.367,1103.344,135,4.5,48328.948
Moderate_Risk:Martingale,331,43.767,1068.599,-838,-27.933,27348.685
Moderate_Risk:Martingale,332,43.733,1332.892,-1089,-36.3,15768.148
Moderate_Risk:Martingale,333,43.667,1200.989,-162,-5.4,38813.283
Moderate_Risk:Martingale,334,40.1,1078.231,-751,-25.033,30012.447
Moderate_Risk:Martingale,335,52.233,1044.185,-820,-27.333,29308.299
Moderate_Risk:Martingale,336,56.067,1312.133,483,16.1,32040.99
Moderate_Risk:Martingale,337,49.5,1350.672,-632,-21.067,26955.995
Moderate_Risk:Martingale,338,47.133,901.43,-693,-23.1,40410.99
Moderate_Risk:Martingale,339,47.433,1214.806,-222,-7.4,35974.041
Moderate_Risk:Martingale,340,41.233,701.909,-1667,-55.567,18729.495
Moderate_Risk:Martingale,341,46.433,1244.599,-119,-3.967,42701.62
Moderate_Risk:Martingale,342,40.367,875.068,-1075,-35.833,31029.247
Moderate_Risk:Martingale,343,45.0,1232.552,-628,-20.933,27944.892
Moderate_Risk:Martingale,344,44.767,1001.22,-1340,-44.667,21283.333
Moderate_Risk:Martingale,345,61.067,1140.133,621,20.7,37897.114
Moderate_Risk:Martingale,346,41.9,1170.852,-828,-27.6,29333.007
Moderate_Risk:Martingale,347,45.167,1240.626,-732,-24.4,36308.731
Moderate_Risk:Martingale,348,46.067,1239.926,-1221,-40.7,19392.631
Moderate_Risk:Martingale,349,57.233,1453.151,1822,60.733,48568.34
Moderate_Risk:Martingale,350,46.333,1059.885,-1050,-35.0,22607.931
Moderate_Risk:Martingale,351,44.033,1280.309,-609,-20.3,28097.183
Moderate_Risk:Martingale,352,46.667,989.333,-1549,-51.633,25512.723
Moderate_Risk:Martingale,353,39.367,1034.861,-1043,-34.767,27053.151
Moderate_Risk:Martingale,354,47.567,1467.909,723,24.1,52079.472
Moderate_Risk:Martingale,355,50.2,1536.028,76,2.533,31687.637
Moderate_Risk:Martingale,356,43.5,1069.017,-1503,-50.1,18811.817
Moderate_Risk:Martingale,357,48.833,1110.351,-344,-11.467,28305.775
Moderate_Risk:Martingale,358,46.767,1295.22,-233,-7.767,43631.426
Moderate_Risk:Martingale,359,44.2,1153.269,-548,-18.267,28358.892
Moderate_Risk:Martingale,360,42.667,1188.644,-170,-5.667,46158.713
Moderate_Risk:Martingale,361,48.467,1169.292,-960,-32.0,28043.793
Moderate_Risk:Martingale,362,44.567,998.875,-1452,-48.4,16225.214
Moderate_Risk:Martingale,363,50.233,1296.461,-183,-6.1,34867.817
Moderate_Risk:Martingale,364,48.5,1164.19,-929,-30.967,28295.964
Moderate_Risk:Martingale,365,36.133,1130.326,-1502,-50.067,17945.168
Moderate_Risk:Martingale,366,54.4,1184.8,402,13.4,50132.041
Moderate_Risk:Martingale,367,53.467,1350.533,616,20.533,38994.74
Moderate_Risk:Martingale,368,35.733,713.926,-2678,-89.267,3456.133
Moderate_Risk:Martingale,369,39.633,1068.516,-1267,-42.233,26576.599
Moderate_Risk:Martingale,370,53.967,920.723,-1085,-36.167,22337.178
Moderate_Risk:Martingale,371,49.167,1195.523,-33,-1.1,42657.955
Moderate_Risk:Martingale,372,36.067,680.34,-2192,-73.067,11181.789
Moderate_Risk:Martingale,373,51.933,940.823,-2014,-67.133,7853.913
Moderate_Risk:Martingale,374,56.567,1158.461,554,18.467,41657.775
Moderate_Risk:Martingale,375,40.967,1008.93,-1263,-42.1,20570.231
Moderate_Risk:Martingale,376,40.9,1157.403,-1036,-34.533,23051.43
Moderate_Risk:Martingale,377,49.167,1218.42,-210,-7.0,42026.345
Moderate_Risk:Martingale,378,52.467,1350.326,366,12.2,36597.476
Moderate_Risk:Martingale,379,56.867,1177.844,-580,-19.333,35708.989
Moderate_Risk:Martingale,380,63.467,1352.12,1478,49.267,54279.444
Moderate_Risk:Martingale,381,45.567,882.047,-1504,-50.133,20105.568
Moderate_Risk:Martingale,382,47.433,1150.116,-732,-24.4,30664.11
Moderate_Risk:Martingale,383,46.067,1375.582,-462,-15.4,30897.214
Moderate_Risk:Martingale,384,42.4,912.248,-1465,-48.833,20820.006
Moderate_Risk:Martingale,385,50.667,1292.161,816,27.2,46952.855
Moderate_Risk:Martingale,386,51.7,1424.7,369,12.3,39802.493
Moderate_Risk:Martingale,387,46.3,1119.597,-1454,-48.467,15411.637
Moderate_Risk:Martingale,388,47.3,1467.045,189,6.3,36445.734
Moderate_Risk:Martingale,389,44.567,996.323,-552,-18.4,30411.972
Moderate_Risk:Martingale,390,54.667,1258.299,-9,-0.3,27880.769
Moderate_Risk:Martingale,391,26.467,622.671,-2257,-75.233,9352.944
Moderate_Risk:Martingale,392,48.7,958.838,-1499,-49.967,20374.24
Moderate_Risk:Martingale,393,42.467,1244.533,-1393,-46.433,20030.323
Moderate_Risk:Martingale,394,55.967,1390.654,1286,42.867,50183.844
Moderate_Risk:Martingale,395,39.033,1194.792,-1191,-39.7,25551.528
Moderate_Risk:Martingale,396,53.033,1227.137,-257,-8.567,36742.116
Moderate_Risk:Martingale,397,50.3,1157.666,-297,-9.9,40682.231
Moderate_Risk:Martingale,398,41.5,911.638,-1362,-45.4,20645.007
Moderate_Risk:Martingale,399,49.3,1085.734,-592,-19.733,34501.926
Moderate_Risk:Martingale,400,48.633,1227.689,-72,-2.4,39946.662
Moderate_Risk:Martingale,401,41.4,1299.972,-1487,-49.567,17453.771
Moderate_Risk:Martingale,402,46.1,1281.403,-1078,-35.933,25539.375
Moderate_Risk:Martingale,403,59.733,1291.306,1530,51.0,55220.966
Moderate_Risk:Martingale,404,45.4,1166.248,-314,-10.467,34441.844
Moderate_Risk:Martingale,405,43.8,1122.924,-722,-24.067,24404.616
Moderate_Risk:Martingale,406,46.933,1056.271,-1273,-42.433,23764.737
Moderate_Risk:Martingale,407,41.067,1063.444,-2135,-71.167,12153.523
Moderate_Risk:Martingale,408,56.633,1161.62,-188,-6.267,31017.72
Moderate_Risk:Martingale,409,36.333,958.023,-2119,-70.633,10057.964
Moderate_Risk:Martingale,410,49.233,1034.53,-748,-24.933,30910.961
Moderate_Risk:Martingale,411,40.067,1220.133,-953,-31.767,26868.737
Moderate_Risk:Martingale,412,38.733,879.375,-2117,-70.567,12557.495
Moderate_Risk:Martingale,413,53.7,1033.666,-531,-17.7,28625.528
Moderate_Risk:Martingale,414,45.367,987.551,-1144,-38.133,24349.982
Moderate_Risk:Martingale,415,49.6,1287.145,-414,-13.8,29676.166
Moderate_Risk:Martingale,416,51.467,1257.706,-710,-23.667,24669.747
Moderate_Risk:Martingale,417,46.567,1035.151,-1857,-61.9,12762.783
Moderate_Risk:Martingale,418,39.1,1360.024,-1129,-37.633,26313.275
Moderate_Risk:Martingale,419,41.867,893.706,-1486,-49.533,20564.395
Moderate_Risk:Martingale,420,50.3,1212.424,-523,-17.433,27712.668
Moderate_Risk:Martingale,421,48.467,1153.223,-1734,-57.8,12885.89
Moderate_Risk:Martingale,422,45.533,1058.395,-958,-31.933,28147.306
Moderate_Risk:Martingale,423,46.9,1163.679,-15,-0.5,57690.328
Moderate_Risk:Martingale,424,43.567,893.22,-1816,-60.533,22578.533
Moderate_Risk:Martingale,425,37.067,1060.547,-1307,-43.567,19446.254
Moderate_Risk:Martingale,426,58.667,1366.299,909,30.3,48676.079
Moderate_Risk:Martingale,427,57.733,1232.685,-291,-9.7,28123.872
Moderate_Risk:Martingale,428,43.433,1009.289,-1296,-43.2,22434.51
Moderate_Risk:Martingale,429,48.733,1272.685,-818,-27.267,24190.133
Moderate_Risk:Martingale,430,39.333,1053.057,-1227,-40.9,30209.059
Moderate_Risk:Martingale,431,47.267,814.202,-1800,-60.0,13493.448
Moderate_Risk:Martingale,432,60.767,1109.289,783,26.1,41331.128
Moderate_Risk:Martingale,433,46.967,1187.344,-342,-11.4,30857.972
Moderate_Risk:Martingale,434,48.7,1076.079,-799,-26.633,30259.964
Moderate_Risk:Martingale,435,38.367,1012.309,-1287,-42.9,32253.817
Moderate_Risk:Martingale,436,56.333,1329.195,1021,34.033,51671.964
Moderate_Risk:Martingale,437,51.867,1281.706,-530,-17.667,22501.54
Moderate_Risk:Martingale,438,47.267,1282.409,-1262,-42.067,20083.099
Moderate_Risk:Martingale,439,48.733,903.03,-1132,-37.733,36252.133
Moderate_Risk:Martingale,440,29.2,834.166,-2384,-79.467,8170.257
Moderate_Risk:Martingale,441,35.367,972.033,-1597,-53.233,20375.633
Moderate_Risk:Martingale,442,37.933,802.685,-2579,-85.967,5908.033
Moderate_Risk:Martingale,443,60.733,1448.823,1058,35.267,36531.789
Moderate_Risk:Martingale,444,49.0,1185.724,-613,-20.433,27189.84
Moderate_Risk:Martingale,445,41.033,1020.171,-1552,-51.733,17172.133
Moderate_Risk:Martingale,446,42.333,949.402,-2575,-85.833,3410.764
Moderate_Risk:Martingale,447,58.067,1167.926,-592,-19.733,25270.892
Moderate_Risk:Martingale,448,42.433,749.909,-2259,-75.3,9004.769
Moderate_Risk:Martingale,449,51.0,1113.31,-366,-12.2,29368.717
Moderate_Risk:Martingale,450,45.933,1463.651,-527,-17.567,31105.702
Moderate_Risk:Martingale,451,49.9,1500.162,505,16.833,35146.006
Moderate_Risk:Martingale,452,56.4,1539.766,637,21.233,52925.978
Moderate_Risk:Martingale,453,35.267,808.34,-1346,-44.867,32249.913
Moderate_Risk:Martingale,454,48.267,1484.547,-251,-8.367,25739.344
Moderate_Risk:Martingale,455,41.4,841.697,-2685,-89.5,3307.5
Moderate_Risk:Martingale,456,41.8,1184.717,-1227,-40.9,20928.714
Moderate_Risk:Martingale,457,51.2,1191.2,-400,-13.333,35142.575
Moderate_Risk:Martingale,458,47.667,1501.333,-378,-12.6,28244.524
Moderate_Risk:Martingale,459,48.233,1050.806,-959,-31.967,25210.516
Moderate_Risk:Martingale,460,57.667,1332.713,71,2.367,31814.309
Moderate_Risk:Martingale,461,47.467,934.395,-1048,-34.933,25864.823
Moderate_Risk:Martingale,462,47.333,1234.092,-69,-2.3,40869.39
Moderate_Risk:Martingale,463,54.333,1239.954,594,19.8,44635.683
Moderate_Risk:Martingale,464,52.2,1288.234,88,2.933,37357.513
Moderate_Risk:Martingale,465,47.7,1233.114,-342,-11.4,28387.352
Moderate_Risk:Martingale,466,46.433,951.082,-1660,-55.333,18934.989
Moderate_Risk:Martingale,467,50.133,1206.395,-520,-17.333,32747.609
Moderate_Risk:Martingale,468,39.167,1387.385,-523,-17.433,29279.289
Moderate_Risk:Martingale,469,37.167,1096.902,-446,-14.867,40196.189
Moderate_Risk:Martingale,470,49.067,1070.547,-825,-27.5,28383.224
Moderate_Risk:Martingale,471,49.667,1262.782,-414,-13.8,32210.166
Moderate_Risk:Martingale,472,45.167,1054.351,-1067,-35.567,22870.116
Moderate_Risk:Martingale,473,50.633,1189.344,-1040,-34.667,23996.575
Moderate_Risk:Martingale,474,38.167,1257.385,-268,-8.933,56219.995
Moderate_Risk:Martingale,475,49.7,1118.217,-595,-19.833,27659.247
Moderate_Risk:Martingale,476,43.833,1052.351,-1575,-52.5,19673.707
Moderate_Risk:Martingale,477,54.0,1186.138,-395,-13.167,29900.144
Moderate_Risk:Martingale,478,49.833,1364.626,536,17.867,36255.706
Moderate_Risk:Martingale,479,52.5,1084.121,-34,-1.133,35047.913
Moderate_Risk:Martingale,480,39.4,965.903,-1599,-53.3,21233.872
Moderate_Risk:Martingale,481,35.8,927.614,-1714,-57.133,17903.706
Moderate_Risk:Martingale,482,53.967,1042.171,-22,-0.733,35290.754
Moderate_Risk:Martingale,483,57.4,1027.628,-105,-3.5,39420.741
Moderate_Risk:Martingale,484,52.5,1406.879,452,15.067,42909.651
Moderate_Risk:Martingale,485,45.867,1188.464,-481,-16.033,34113.413
Moderate_Risk:Martingale,486,45.533,1293.706,353,11.767,43582.668
Moderate_Risk:Martingale,487,37.2,1170.234,-971,-32.367,24656.447
Moderate_Risk:Martingale,488,47.867,1225.775,-1463,-48.767,15799.22
Moderate_Risk:Martingale,489,50.9,924.024,-1582,-52.733,19105.72
Moderate_Risk:Martingale,490,40.3,1052.079,-1717,-57.233,16554.323
Moderate_Risk:Martingale,491,29.767,577.909,-2432,-81.067,10754.133
Moderate_Risk:Martingale,492,52.133,1232.809,-267,-8.9,36194.024
Moderate_Risk:Martingale,493,53.9,1232.921,724,24.133,41180.809
Moderate_Risk:Martingale,494,44.8,1149.2,-1142,-38.067,26431.926
Moderate_Risk:Martingale,495,54.267,1399.375,1371,45.7,64370.286
Moderate_Risk:Martingale,496,56.567,1361.289,7,0.233,36516.323
Moderate_Risk:Martingale,497,47.733,1090.409,-1158,-38.6,16825.834
Moderate_Risk:Martingale,498,53.133,1374.671,167,5.567,35527.22
Moderate_Risk:Martingale,499,52.533,1243.016,27,0.9,35375.197
Moderate_Risk:Martingale,500,54.3,1461.39,539,17.967,34046.24
Moderate_Risk:Martingale,501,50.467,1315.637,-674,-22.467,26281.154
Moderate_Risk:Martingale,502,52.033,1269.206,-352,-11.733,31815.789
Moderate_Risk:Martingale,503,39.367,1018.93,-1675,-55.833,19064.557
Moderate_Risk:Martingale,504,46.2,1393.614,70,2.333,48160.575
Moderate_Risk:Martingale,505,47.2,1217.131,-996,-33.2,36461.131
Moderate_Risk:Martingale,506,59.733,1212.823,698,23.267,45862.409
Moderate_Risk:Martingale,507,52.833,1239.454,-240,-8.0,30168.621
Moderate_Risk:Martingale,508,43.467,1066.809,-1782,-59.4,15481.352
Moderate_Risk:Martingale,509,49.033,1193.206,-687,-22.9,25337.266
Moderate_Risk:Martingale,510,37.667,988.092,-1496,-49.867,24269.982
Moderate_Risk:Martingale,511,39.033,1237.413,-207,-6.9,36942.024
Moderate_Risk:Martingale,512,48.333,1475.885,-582,-19.4,22869.283
Moderate_Risk:Martingale,513,46.5,1455.638,1726,57.533,65433.154
Moderate_Risk:Martingale,514,40.0,907.724,-1804,-60.133,15015.361
Moderate_Risk:Martingale,515,57.1,1009.61,-76,-2.533,34047.913
Moderate_Risk:Martingale,516,47.967,1333.964,-190,-6.333,30237.057
Moderate_Risk:Martingale,517,42.2,1463.614,-928,-30.933,24371.651
Moderate_Risk:Martingale,518,49.2,1324.303,-478,-15.933,31639.72
Moderate_Risk:Martingale,519,54.067,1281.444,64,2.133,41381.706
Moderate_Risk:Martingale,520,49.033,1334.033,-140,-4.667,35166.23
Moderate_Risk:Martingale,521,52.633,1329.413,-225,-7.5,31352.466
Moderate_Risk:Martingale,522,47.267,1368.133,-359,-11.967,29932.654
Moderate_Risk:Martingale,523,59.267,1233.582,1129,37.633,48799.826
Moderate_Risk:Martingale,524,51.167,1454.902,190,6.333,38758.23
Moderate_Risk:Martingale,525,43.9,1170.369,-1756,-58.533,14498.395
Moderate_Risk:Martingale,526,41.933,1202.754,-1409,-46.967,20750.654
Moderate_Risk:Martingale,527,53.5,1309.914,-558,-18.6,22145.283
Moderate_Risk:Martingale,528,51.333,1298.92,-514,-17.133,31842.533
Moderate_Risk:Martingale,529,48.767,1230.185,-574,-19.133,24298.947
Moderate_Risk:Martingale,530,52.133,1188.878,1,0.033,37949.068
Moderate_Risk:Martingale,531,44.567,1406.323,-296,-9.867,29128.878
Moderate_Risk:Martingale,532,50.0,988.276,80,2.667,46485.195
Moderate_Risk:Martingale,533,51.467,1253.292,571,19.033,41435.964
Moderate_Risk:Martingale,534,36.133,904.671,-1409,-46.967,28138.93
Moderate_Risk:Martingale,535,45.067,1243.099,-1166,-38.867,21306.947
Moderate_Risk:Martingale,536,49.167,958.006,-1155,-38.5,25714.19
Moderate_Risk:Martingale,537,42.2,1326.166,-1133,-37.767,22767.22
Moderate_Risk:Martingale,538,55.467,1268.12,638,21.267,38980.202
Moderate_Risk:Martingale,539,44.833,1068.971,-1361,-45.367,15921.137
Moderate_Risk:Martingale,540,35.467,1242.671,-614,-20.467,29325.292
Moderate_Risk:Martingale,541,55.8,1219.407,1001,33.367,48019.551
Moderate_Risk:Martingale,542,49.533,893.361,-1718,-57.267,17376.685
Moderate_Risk:Martingale,543,47.933,1170.271,626,20.867,52967.913
Moderate_Risk:Martingale,544,44.933,1162.892,-1187,-39.567,20364.392
Moderate_Risk:Martingale,545,49.667,1191.264,-711,-23.7,28822.562
Moderate_Risk:Martingale,546,47.667,1160.851,-1010,-33.667,19816.644
Moderate_Risk:Martingale,547,51.667,1355.747,413,13.767,40613.495
Moderate_Risk:Martingale,548,50.4,1323.076,519,17.3,54736.286
Moderate_Risk:Martingale,549,49.4,1312.386,-36,-1.2,41087.131
Moderate_Risk:Martingale,550,53.767,1418.944,-545,-18.167,28439.73
Moderate_Risk:Martingale,551,46.733,1012.34,-1153,-38.433,26663.357
Moderate_Risk:Martingale,552,52.933,1475.03,1774,59.133,51208.602
Moderate_Risk:Martingale,553,39.4,995.49,-873,-29.1,27384.783
Moderate_Risk:Martingale,554,48.367,1100.033,-555,-18.5,32341.776
Moderate_Risk:Martingale,555,50.167,1425.868,627,20.9,45057.197
Moderate_Risk:Martingale,556,44.767,1075.978,-1627,-54.233,17241.013
Moderate_Risk:Martingale,557,47.0,1237.655,-192,-6.4,39850.524
Moderate_Risk:Martingale,558,43.167,1010.971,-1817,-60.567,14787.426
Moderate_Risk:Martingale,559,43.867,1178.326,-831,-27.7,27630.355
Moderate_Risk:Martingale,560,52.7,1619.321,925,30.833,47198.144
Moderate_Risk:Martingale,561,39.5,1039.362,-1179,-39.3,20153.528
Moderate_Risk:Martingale,562,38.733,848.961,-1918,-63.933,11787.099
Moderate_Risk:Martingale,563,51.533,1253.223,-835,-27.833,24020.833
Moderate_Risk:Martingale,564,47.433,1138.461,-1370,-45.667,18879.678
Moderate_Risk:Martingale,565,49.6,1405.076,264,8.8,34674.855
Moderate_Risk:Martingale,566,41.9,1006.576,-904,-30.133,36647.016
Moderate_Risk:Martingale,567,49.567,981.495,-1094,-36.467,22310.74
Moderate_Risk:Martingale,568,46.467,1423.913,-10,-0.333,28977.954
Moderate_Risk:Martingale,569,49.367,1190.102,-192,-6.4,28354.731
Moderate_Risk:Martingale,570,53.067,1412.271,783,26.1,51386.024
Moderate_Risk:Martingale,571,51.333,1080.989,-573,-19.1,30890.093
Moderate_Risk:Martingale,572,48.0,941.034,-1412,-47.067,28143.995
Moderate_Risk:Martingale,573,50.467,1382.947,462,15.4,40819.007
Moderate_Risk:Martingale,574,34.1,1059.334,-1739,-57.967,12690.102
Moderate_Risk:Martingale,575,47.333,1136.437,-7,-0.233,36203.151
Moderate_Risk:Martingale,576,36.567,679.082,-2826,-94.2,1009.2
Moderate_Risk:Martingale,577,53.067,1260.064,-889,-29.633,21150.585
Moderate_Risk:Martingale,578,40.167,859.73,-1861,-62.033,13462.102
Moderate_Risk:Martingale,579,53.9,1157.266,-216,-7.2,31756.993
Moderate_Risk:Martingale,580,41.8,1027.338,-1208,-40.267,32239.926
Moderate_Risk:Martingale,581,45.533,1380.257,434,14.467,39244.051
Moderate_Risk:Martingale,582,43.633,1131.551,-1032,-34.4,23868.179
Moderate_Risk:Martingale,583,58.567,1334.599,1123,37.433,44805.84
Moderate_Risk:Martingale,584,43.933,807.926,-1632,-54.4,19595.628
Moderate_Risk:Martingale,585,51.733,1079.03,-1247,-41.567,18953.564
Moderate_Risk:Martingale,586,50.867,1254.257,-358,-11.933,28649.513
Moderate_Risk:Martingale,587,52.067,1171.03,-66,-2.2,38948.097
Moderate_Risk:Martingale,588,47.567,1205.909,-562,-18.733,28795.926
Moderate_Risk:Martingale,589,39.9,865.197,-1798,-59.933,11366.547
Moderate_Risk:Martingale,590,43.5,1058.466,-803,-26.767,26700.185
Moderate_Risk:Martingale,591,39.233,748.944,-2193,-73.1,11368.3
Moderate_Risk:Martingale,592,54.767,1096.185,-733,-24.433,23801.151
Moderate_Risk:Martingale,593,44.067,1045.444,-1572,-52.4,21024.731
Moderate_Risk:Martingale,594,54.833,1219.73,-194,-6.467,31501.568
Moderate_Risk:Martingale,595,45.967,1185.551,-128,-4.267,38147.444
Moderate_Risk:Martingale,596,46.133,1102.878,-814,-27.133,27905.154
Moderate_Risk:Martingale,597,54.267,1336.616,1429,47.633,51824.378
Moderate_Risk:Martingale,598,40.4,1067.972,-1484,-49.467,18346.671
Moderate_Risk:Martingale,599,43.3,1238.631,6,0.2,45246.648
Moderate_Risk:Martingale,600,44.933,1090.409,-970,-32.333,26283.402
Moderate_Risk:Martingale,601,42.1,1177.334,-98,-3.267,34631.099
Moderate_Risk:Martingale,602,38.033,877.757,-2318,-77.267,7485.03
Moderate_Risk:Martingale,603,56.933,1070.133,570,19.0,43143.241
Moderate_Risk:Martingale,604,39.4,927.766,-1333,-44.433,35745.082
Moderate_Risk:Martingale,605,41.5,952.672,-1819,-60.633,17705.826
Moderate_Risk:Martingale,606,48.6,813.145,-2017,-67.233,15587.564
Moderate_Risk:Martingale,607,54.333,1277.264,428,14.267,34125.237
Moderate_Risk:Martingale,608,52.233,1122.806,-625,-20.833,26437.73
Moderate_Risk:Martingale,609,44.133,1072.602,-1393,-46.433,22638.461
Moderate_Risk:Martingale,610,59.633,1057.068,1669,55.633,53336.585
Moderate_Risk:Martingale,611,42.367,1110.999,-1147,-38.233,20886.461
Moderate_Risk:Martingale,612,49.6,1075.421,-1970,-65.667,9893.195
Moderate_Risk:Martingale,613,45.2,1178.097,-1550,-51.667,16447.471
Moderate_Risk:Martingale,614,53.2,1101.821,-278,-9.267,36927.789
Moderate_Risk:Martingale,615,55.733,1544.478,273,9.1,39653.334
Moderate_Risk:Martingale,616,44.3,1360.079,-664,-22.133,31634.947
Moderate_Risk:Martingale,617,54.2,1430.717,823,27.433,40222.599
Moderate_Risk:Martingale,618,38.4,788.317,-1748,-58.267,17250.616
Moderate_Risk:Martingale,619,59.733,941.995,99,3.3,34050.01
Moderate_Risk:Martingale,620,56.667,1124.23,541,18.033,46582.24
Moderate_Risk:Martingale,621,45.967,1127.964,-859,-28.633,22155.689
Moderate_Risk:Martingale,622,37.7,706.424,-2024,-67.467,15333.223
Moderate_Risk:Martingale,623,56.867,1420.326,978,32.6,38480.386
Moderate_Risk:Martingale,624,52.3,1188.838,-526,-17.533,31457.913
Moderate_Risk:Martingale,625,51.8,1218.924,-206,-6.867,33620.602
Moderate_Risk:Martingale,626,49.567,955.564,-678,-22.6,31477.834
Moderate_Risk:Martingale,627,45.867,1048.12,-544,-18.133,29028.189
Moderate_Risk:Martingale,628,58.067,1238.202,-438,-14.6,23382.938
Moderate_Risk:Martingale,629,46.7,1260.7,-337,-11.233,28774.116
Moderate_Risk:Martingale,630,39.567,1057.495,-1613,-53.767,14983.22
Moderate_Risk:Martingale,631,40.033,1123.137,-1123,-37.433,27613.357
Moderate_Risk:Martingale,632,44.2,982.717,-1457,-48.567,24712.254
Moderate_Risk:Martingale,633,47.667,1176.437,-647,-21.567,34420.599
Moderate_Risk:Martingale,634,49.667,1163.333,-1656,-55.2,14575.269
Moderate_Risk:Martingale,635,44.267,863.857,-478,-15.933,40182.754
Moderate_Risk:Martingale,636,52.533,1340.257,1069,35.633,53003.275
Moderate_Risk:Martingale,637,46.667,1094.506,-651,-21.7,32912.424
Moderate_Risk:Martingale,638,42.9,908.507,-1031,-34.367,33865.068
Moderate_Risk:Martingale,639,45.967,1291.551,243,8.1,41704.99
Moderate_Risk:Martingale,640,50.933,1297.03,110,3.667,41211.264
Moderate_Risk:Martingale,641,42.033,1266.24,-771,-25.7,29364.217
Moderate_Risk:Martingale,642,38.867,959.499,-1464,-48.8,19730.303
Moderate_Risk:Martingale,643,49.633,1358.171,45,1.5,36382.328
Moderate_Risk:Martingale,644,41.167,1160.971,-958,-31.933,21014.133
Moderate_Risk:Martingale,645,45.667,1207.816,-444,-14.8,30276.993
Moderate_Risk:Martingale,646,54.067,1326.34,-21,-0.7,49374.286
Moderate_Risk:Martingale,647,56.367,1316.93,622,20.733,37361.857
Moderate_Risk:Martingale,648,34.633,1057.689,-1529,-50.967,22767.757
Moderate_Risk:Martingale,649,39.133,1134.326,-991,-33.033,31650.723
Moderate_Risk:Martingale,650,64.067,1226.409,1598,53.267,56172.754
Moderate_Risk:Martingale,651,54.733,1323.03,1105,36.833,47056.006
Moderate_Risk:Martingale,652,56.7,1244.631,-150,-5.0,31462.483
Moderate_Risk:Martingale,653,47.667,1246.161,-514,-17.133,27388.947
Moderate_Risk:Martingale,654,48.633,1169.413,-317,-10.567,38722.185
Moderate_Risk:Martingale,655,55.5,1218.259,808,26.933,47943.444
Moderate_Risk:Martingale,656,43.833,755.385,-2112,-70.4,13247.834
Moderate_Risk:Martingale,657,45.9,1353.748,-510,-17.0,29857.931
Moderate_Risk:Martingale,658,50.2,1226.441,-701,-23.367,25657.895
Moderate_Risk:Martingale,659,39.533,1100.12,-861,-28.7,28867.734
Moderate_Risk:Martingale,660,42.5,773.983,-1947,-64.9,13265.679
Moderate_Risk:Martingale,661,52.133,1369.706,548,18.267,41967.789
Moderate_Risk:Martingale,662,58.733,1295.651,607,20.233,40899.564
Moderate_Risk:Martingale,663,40.567,1157.633,-1298,-43.267,22363.789
Moderate_Risk:Martingale,664,38.6,939.697,-1668,-55.6,16216.869
Moderate_Risk:Martingale,665,37.967,640.447,-2693,-89.767,3141.633
Moderate_Risk:Martingale,666,39.167,985.937,-1632,-54.4,16011.076
Moderate_Risk:Martingale,667,44.6,1123.972,-446,-14.867,30267.016
Moderate_Risk:Martingale,668,42.867,1063.085,-270,-9.0,35173.103
Moderate_Risk:Martingale,669,52.0,1191.103,-534,-17.8,28677.269
Moderate_Risk:Martingale,670,46.767,947.978,-1386,-46.2,20227.476
Moderate_Risk:Martingale,671,43.933,1321.444,374,12.467,45169.016
Moderate_Risk:Martingale,672,53.7,1291.459,-169,-5.633,36819.275
Moderate_Risk:Martingale,673,45.0,1285.103,-55,-1.833,35903.247
Moderate_Risk:Martingale,674,50.033,1441.826,-817,-27.233,22801.495
Moderate_Risk:Martingale,675,51.033,1336.585,966,32.2,45966.303
Moderate_Risk:Martingale,676,33.1,897.748,-1654,-55.133,19642.395
Moderate_Risk:Martingale,677,57.967,1186.999,228,7.6,35511.972
Moderate_Risk:Martingale,678,45.267,1047.03,-1319,-43.967,21292.516
Moderate_Risk:Martingale,679,40.6,875.697,-1730,-57.667,21110.713
Moderate_Risk:Martingale,680,54.5,1339.707,1871,62.367,60486.102
Moderate_Risk:Martingale,681,44.067,1155.72,-9,-0.3,35174.217
Moderate_Risk:Martingale,682,45.133,1356.189,236,7.867,43521.154
Moderate_Risk:Martingale,683,48.167,1217.799,-895,-29.833,25993.454
Moderate_Risk:Martingale,684,44.833,1002.282,-1277,-42.567,23355.84
Moderate_Risk:Martingale,685,55.5,1332.81,167,5.567,35983.289
Moderate_Risk:Martingale,686,42.767,1035.151,-1293,-43.1,22577.541
Moderate_Risk:Martingale,687,47.733,1064.547,-742,-24.733,31288.547
Moderate_Risk:Martingale,688,49.367,1194.654,-741,-24.7,26230.217
Moderate_Risk:Martingale,689,42.0,1150.207,-939,-31.3,30106.079
Moderate_Risk:Martingale,690,49.8,1308.097,-717,-23.9,25458.714
Moderate_Risk:Martingale,691,42.433,1255.22,-675,-22.5,27829.086
Moderate_Risk:Martingale,692,40.333,878.368,-2367,-78.9,7948.3
Moderate_Risk:Martingale,693,45.767,1093.633,-827,-27.567,38083.426
Moderate_Risk:Martingale,694,47.5,1389.5,133,4.433,38902.461
Moderate_Risk:Martingale,695,46.633,1111.068,-1083,-36.1,27764.852
Moderate_Risk:Martingale,696,54.967,1086.24,179,5.967,35806.723
Moderate_Risk:Martingale,697,42.9,1047.059,-1303,-43.433,24383.426
Moderate_Risk:Martingale,698,39.467,1347.43,147,4.9,40154.783
Moderate_Risk:Martingale,699,44.667,940.23,-988,-32.933,30749.72
Moderate_Risk:Martingale,700,49.133,1146.051,-2353,-78.433,6739.151
Moderate_Risk:Martingale,701,52.367,1306.654,616,20.533,44015.154
Moderate_Risk:Martingale,702,47.367,1297.551,-152,-5.067,31612.271
Moderate_Risk:Martingale,703,52.867,1128.051,-536,-17.867,25366.671
Moderate_Risk:Martingale,704,48.6,1050.731,-741,-24.7,29807.252
Moderate_Risk:Martingale,705,45.467,1209.085,-953,-31.767,24567.151
Moderate_Risk:Martingale,706,52.2,1276.786,-647,-21.567,28047.289
Moderate_Risk:Martingale,707,46.833,1240.833,-408,-13.6,40726.593
Moderate_Risk:Martingale,708,47.967,1192.24,-619,-20.633,26280.792
Moderate_Risk:Martingale,709,56.2,1329.614,1543,51.433,62899.495
Moderate_Risk:Martingale,710,42.567,973.495,-1055,-35.167,21838.282
Moderate_Risk:Martingale,711,40.767,963.22,-992,-33.067,31988.685
Moderate_Risk:Martingale,712,40.867,1102.189,-741,-24.7,30146.838
Moderate_Risk:Martingale,713,53.233,1326.254,-406,-13.533,32507.637
Moderate_Risk:Martingale,714,47.967,1066.999,-587,-19.567,34572.599
Moderate_Risk:Martingale,715,40.767,1617.771,607,20.233,43398.806
Moderate_Risk:Martingale,716,42.7,1150.217,-1289,-42.967,22863.413
Moderate_Risk:Martingale,717,49.6,1186.179,-783,-26.1,29695.128
Moderate_Risk:Martingale,718,60.533,1053.568,-289,-9.633,29403.344
Moderate_Risk:Martingale,719,54.267,1216.133,-824,-27.467,18891.085
Moderate_Risk:Martingale,720,42.367,1067.344,-546,-18.2,35809.131
Moderate_Risk:Martingale,721,38.5,876.741,-2303,-76.767,8231.84
Moderate_Risk:Martingale,722,48.267,1243.72,-809,-26.967,30322.792
Moderate_Risk:Martingale,723,58.4,1092.524,-604,-20.133,29039.637
Moderate_Risk:Martingale,724,44.933,1275.306,-995,-33.167,24887.316
Moderate_Risk:Martingale,725,41.567,1067.771,-1623,-54.1,15025.472
Moderate_Risk:Martingale,726,48.567,1276.53,-96,-3.2,32506.028
Moderate_Risk:Martingale,727,44.367,1115.826,-1062,-35.4,20675.283
Moderate_Risk:Martingale,728,47.8,1015.338,-856,-28.533,28657.706
Moderate_Risk:Martingale,729,52.1,1264.162,36,1.2,37049.269
Moderate_Risk:Martingale,730,39.867,1125.913,-528,-17.6,37886.8
Moderate_Risk:Martingale,731,37.0,721.655,-2140,-71.333,12577.54
Moderate_Risk:Martingale,732,44.8,1198.786,-1227,-40.9,18248.369
Moderate_Risk:Martingale,733,47.333,1122.989,-1676,-55.867,14735.706
Moderate_Risk:Martingale,734,38.567,1061.22,-718,-23.933,32376.616
Moderate_Risk:Martingale,735,49.0,1034.828,-1004,-33.467,23188.051
Moderate_Risk:Martingale,736,56.467,1513.706,18,0.6,29626.869
Moderate_Risk:Martingale,737,54.233,1127.909,-686,-22.867,31279.568
Moderate_Risk:Martingale,738,46.233,1070.53,-1507,-50.233,20423.771
Moderate_Risk:Martingale,739,40.033,1209.413,-930,-31.0,25765.379
Moderate_Risk:Martingale,740,58.167,1314.489,620,20.667,35793.471
Moderate_Risk:Martingale,741,44.3,833.183,-1843,-61.433,15427.564
Moderate_Risk:Martingale,742,36.733,794.754,-1847,-61.567,18983.564
Moderate_Risk:Martingale,743,44.333,1266.644,-738,-24.6,32691.903
Moderate_Risk:Martingale,744,44.5,907.017,-1011,-33.7,31672.217
Moderate_Risk:Martingale,745,42.2,1223.2,-1115,-37.167,23394.626
Moderate_Risk:Martingale,746,47.833,1070.902,-784,-26.133,28359.499
Moderate_Risk:Martingale,747,51.733,1060.892,-899,-29.967,25683.275
Moderate_Risk:Martingale,748,45.1,1065.197,-876,-29.2,34617.2
Moderate_Risk:Martingale,749,33.267,926.754,-1764,-58.8,15853.683
Moderate_Risk:Martingale,750,50.467,1184.464,-976,-32.533,19904.947
Moderate_Risk:Martingale,751,41.5,1036.397,-1864,-62.133,16769.913
Moderate_Risk:Martingale,752,48.633,1299.689,-603,-20.1,22229.334
Moderate_Risk:Martingale,753,43.833,1276.695,-1237,-41.233,24081.013
Moderate_Risk:Martingale,754,40.867,1092.257,-1485,-49.5,18101.638
Moderate_Risk:Martingale,755,56.867,1145.844,30,1.0,36532.414
Moderate_Risk:Martingale,756,49.267,1317.306,-73,-2.433,38771.909
Moderate_Risk:Martingale,757,51.8,1150.993,64,2.133,44873.43
Moderate_Risk:Martingale,758,44.0,1117.655,-1399,-46.633,21626.792
Moderate_Risk:Martingale,759,46.6,1201.628,141,4.7,50011.183
Moderate_Risk:Martingale,760,48.4,1386.386,-50,-1.667,41866.851
Moderate_Risk:Martingale,761,49.4,998.8,-915,-30.5,22865.569
Moderate_Risk:Martingale,762,36.333,1060.782,-2336,-77.867,8524.947
Moderate_Risk:Martingale,763,41.667,964.92,-1849,-61.633,14765.964
Moderate_Risk:Martingale,764,43.767,1018.254,-1253,-41.767,26507.702
Moderate_Risk:Martingale,765,51.233,1281.495,130,4.333,37903.471
Moderate_Risk:Martingale,766,47.767,1317.978,-171,-5.7,32115.872
Moderate_Risk:Martingale,767,47.167,1224.833,-327,-10.9,35283.541
Moderate_Risk:Martingale,768,40.233,1061.84,-492,-16.4,37522.524
Moderate_Risk:Martingale,769,51.767,1207.426,-868,-28.933,27769.168
Moderate_Risk:Martingale,770,39.5,1153.431,-840,-28.0,28537.103
Moderate_Risk:Martingale,771,51.067,1391.375,1129,37.633,48770.033
Moderate_Risk:Martingale,772,51.667,1155.057,-99,-3.3,32573.183
Moderate_Risk:Martingale,773,47.1,1009.886,-130,-4.333,48727.264
Moderate_Risk:Martingale,774,41.767,1066.53,-295,-9.833,36472.075
Moderate_Risk:Martingale,775,36.933,807.375,-2240,-74.667,10627.195
Moderate_Risk:Martingale,776,37.767,549.151,-3000,-100.0,0.0
Moderate_Risk:Martingale,777,36.267,949.72,-1812,-60.4,15856.041
Moderate_Risk:Martingale,778,48.2,1391.476,497,16.567,48710.254
Moderate_Risk:Martingale,779,37.6,939.076,-1852,-61.733,13882.616
Moderate_Risk:Martingale,780,54.933,1323.513,718,23.933,39603.995
Moderate_Risk:Martingale,781,49.5,1201.224,-490,-16.333,27977.609
Moderate_Risk:Martingale,782,44.233,1041.978,-1287,-42.9,22876.369
Moderate_Risk:Martingale,783,58.6,1312.317,-69,-2.3,32676.286
Moderate_Risk:Martingale,784,51.333,1375.333,343,11.433,37176.461
Moderate_Risk:Martingale,785,50.433,1428.185,658,21.933,47234.961
Moderate_Risk:Martingale,786,45.6,863.766,-1438,-47.933,19054.823
Moderate_Risk:Martingale,787,36.5,1036.328,-1042,-34.733,32985.168
Moderate_Risk:Martingale,788,56.667,1418.782,-109,-3.633,32254.585
Moderate_Risk:Martingale,789,47.833,1111.592,-1238,-41.267,18903.168
Moderate_Risk:Martingale,790,56.733,1197.099,-16,-0.533,37658.809
Moderate_Risk:Martingale,791,48.133,1308.189,-32,-1.067,40707.168
Moderate_Risk:Martingale,792,45.4,1147.076,-943,-31.433,25657.702
Moderate_Risk:Martingale,793,42.5,950.603,-2224,-74.133,9695.775
Moderate_Risk:Martingale,794,49.867,1056.12,-187,-6.233,40619.633
Moderate_Risk:Martingale,795,37.4,943.421,-965,-32.167,32399.385
Moderate_Risk:Martingale,796,52.5,1465.983,846,28.2,48492.234
Moderate_Risk:Martingale,797,47.367,853.62,-1226,-40.867,24279.706
Moderate_Risk:Martingale,798,51.6,1288.11,747,24.9,48132.576
Moderate_Risk:Martingale,799,44.6,1014.317,-1024,-34.133,27605.292
Moderate_Risk:Martingale,800,41.267,1372.961,-1133,-37.767,23277.151
Moderate_Risk:Martingale,801,39.1,840.024,-1781,-59.367,15511.689
Moderate_Risk:Martingale,802,51.567,1175.426,-1388,-46.267,19806.478
Moderate_Risk:Martingale,803,52.533,1237.223,-416,-13.867,33137.154
Moderate_Risk:Martingale,804,52.667,1174.713,-1179,-39.3,26227.666
Moderate_Risk:Martingale,805,45.267,1243.444,-991,-33.033,25363.689
Moderate_Risk:Martingale,806,44.533,1212.051,-579,-19.3,30438.01
Moderate_Risk:Martingale,807,47.667,1529.885,15,0.5,29312.948
Moderate_Risk:Martingale,808,41.033,959.826,-1722,-57.4,18966.869
Moderate_Risk:Martingale,809,48.167,1403.178,-147,-4.9,33619.266
Moderate_Risk:Martingale,810,50.967,1243.275,-699,-23.3,26223.666
Moderate_Risk:Martingale,811,37.133,776.74,-2093,-69.767,13261.633
Moderate_Risk:Martingale,812,51.9,1150.921,-851,-28.367,29179.413
Moderate_Risk:Martingale,813,55.733,1159.72,761,25.367,40191.482
Moderate_Risk:Martingale,814,37.267,953.03,-2056,-68.533,14340.12
Moderate_Risk:Martingale,815,41.933,999.789,-1348,-44.933,24573.168
Moderate_Risk:Martingale,816,44.467,1667.637,465,15.5,43583.569
Moderate_Risk:Martingale,817,49.367,1239.344,-280,-9.333,40700.161
Moderate_Risk:Martingale,818,46.0,1212.138,-930,-31.0,34609.517
Moderate_Risk:Martingale,819,58.633,1275.826,948,31.6,39868.455
Moderate_Risk:Martingale,820,50.767,824.116,-983,-32.767,32324.875
Moderate_Risk:Martingale,821,57.5,1310.121,915,30.5,39100.052
Moderate_Risk:Martingale,822,49.2,1488.441,786,26.2,49672.372
Moderate_Risk:Martingale,823,46.667,1354.368,-289,-9.633,37845.068
Moderate_Risk:Martingale,824,42.1,959.955,-808,-26.933,28978.961
Moderate_Risk:Martingale,825,46.7,1157.528,-135,-4.5,38510.397
Moderate_Risk:Martingale,826,51.4,1326.869,232,7.733,35402.823
Moderate_Risk:Martingale,827,48.233,1186.254,-1416,-47.2,18341.407
Moderate_Risk:Martingale,828,49.133,1038.257,-1461,-48.7,19727.528
Moderate_Risk:Martingale,829,35.0,909.172,-1917,-63.9,16797.886
Moderate_Risk:Martingale,830,32.5,874.948,-2123,-70.767,13533.357
Moderate_Risk:Martingale,831,42.933,1136.064,-1662,-55.4,14662.869
Moderate_Risk:Martingale,832,50.0,1413.448,289,9.633,36012.999
Moderate_Risk:Martingale,833,43.9,1339.886,-476,-15.867,32135.568
Moderate_Risk:Martingale,834,41.8,1047.683,-1188,-39.6,20174.593
Moderate_Risk:Martingale,835,43.867,1313.43,303,10.1,44865.266
Moderate_Risk:Martingale,836,48.8,1208.717,-191,-6.367,31566.516
Moderate_Risk:Martingale,837,48.867,1323.637,447,14.9,43035.817
Moderate_Risk:Martingale,838,37.3,880.424,-1765,-58.833,11847.109
Moderate_Risk:Martingale,839,38.567,1205.495,-1435,-47.833,20377.592
Moderate_Risk:Martingale,840,60.233,1453.013,1677,55.9,51974.576
Moderate_Risk:Martingale,841,49.233,1254.254,455,15.167,50974.764
Moderate_Risk:Martingale,842,50.1,1469.679,1069,35.633,47238.24
Moderate_Risk:Martingale,843,47.333,1173.954,-210,-7.0,32874.828
Moderate_Risk:Martingale,844,36.1,848.852,-2266,-75.533,8779.982
Moderate_Risk:Martingale,845,47.367,1338.24,134,4.467,35007.568
Moderate_Risk:Martingale,846,45.167,1008.695,-1683,-56.1,18051.886
Moderate_Risk:Martingale,847,46.6,1186.248,-958,-31.933,23349.72
Moderate_Risk:Martingale,848,38.533,1123.982,-647,-21.567,33142.185
Moderate_Risk:Martingale,849,47.5,1129.638,-1060,-35.333,22672.989
Moderate_Risk:Martingale,850,48.1,1062.852,-545,-18.167,36779.178
Moderate_Risk:Martingale,851,49.1,955.197,-988,-32.933,29829.789
Moderate_Risk:Martingale,852,55.5,1383.569,703,23.433,41118.737
Moderate_Risk:Martingale,853,46.033,1363.275,-287,-9.567,34202.323
Moderate_Risk:Martingale,854,51.767,1280.047,472,15.733,50086.961
Moderate_Risk:Martingale,855,48.9,1433.472,-8,-0.267,33335.444
Moderate_Risk:Martingale,856,48.3,1283.114,-672,-22.4,32807.076
Moderate_Risk:Martingale,857,43.033,1284.447,-446,-14.867,31150.051
Moderate_Risk:Martingale,858,44.9,1446.369,253,8.433,39012.737
Moderate_Risk:Martingale,859,55.033,1522.792,362,12.067,43593.651
Moderate_Risk:Martingale,860,46.133,1402.189,484,16.133,47437.085
Moderate_Risk:Martingale,861,41.9,1258.438,-1237,-41.233,23591.22
Moderate_Risk:Martingale,862,43.4,962.938,-2613,-87.1,4992.3
Moderate_Risk:Martingale,863,42.9,915.128,-1207,-40.233,20898.599
Moderate_Risk:Martingale,864,58.2,1366.855,593,19.767,42147.909
Moderate_Risk:Martingale,865,35.7,1015.114,-1503,-50.1,18870.231
Moderate_Risk:Martingale,866,51.1,708.3,-1976,-65.867,11175.775
Moderate_Risk:Martingale,867,49.0,1392.966,-628,-20.933,27018.34
Moderate_Risk:Martingale,868,49.933,1339.513,543,18.1,49906.024
Moderate_Risk:Martingale,869,46.5,1336.879,-54,-1.8,36682.303
Moderate_Risk:Martingale,870,42.133,1447.913,374,12.467,37471.223
Moderate_Risk:Martingale,871,52.133,1337.637,-824,-27.467,28616.395
Moderate_Risk:Martingale,872,47.633,1014.654,-452,-15.067,30712.685
Moderate_Risk:Martingale,873,52.133,1739.223,883,29.433,32245.771
Moderate_Risk:Martingale,874,45.767,1167.013,-1979,-65.967,7776.654
Moderate_Risk:Martingale,875,51.433,1368.599,-276,-9.2,31445.683
Moderate_Risk:Martingale,876,43.5,1244.948,-1117,-37.233,26737.702
Moderate_Risk:Martingale,877,56.7,1317.734,1053,35.1,47836.438
Moderate_Risk:Martingale,878,48.733,1063.099,-1073,-35.767,21999.495
Moderate_Risk:Martingale,879,41.233,1109.702,-1154,-38.467,25764.051
Moderate_Risk:Martingale,880,51.667,1374.161,-390,-13.0,22454.966
Moderate_Risk:Martingale,881,40.133,938.257,-1723,-57.433,17349.633
Moderate_Risk:Martingale,882,45.133,1302.74,-958,-31.933,24453.582
Moderate_Risk:Martingale,883,51.667,1297.402,-110,-3.667,31123.264
Moderate_Risk:Martingale,884,50.467,865.844,-1574,-52.467,21346.671
Moderate_Risk:Martingale,885,54.233,1346.806,686,22.867,46861.361
Moderate_Risk:Martingale,886,36.033,875.068,-2075,-69.167,11144.695
Moderate_Risk:Martingale,887,49.033,1087.895,-1548,-51.6,22307.49
Moderate_Risk:Martingale,888,56.333,1254.161,474,15.8,43638.166
Moderate_Risk:Martingale,889,39.4,1113.903,-2067,-68.9,14220.3
Moderate_Risk:Martingale,890,36.967,982.516,-1191,-39.7,24802.631
Moderate_Risk:Martingale,891,34.167,849.523,-1505,-50.167,23239.868
Moderate_Risk:Martingale,892,41.867,1082.878,-1929,-64.3,12367.114
Moderate_Risk:Martingale,893,45.433,1304.116,-396,-13.2,27341.821
Moderate_Risk:Martingale,894,59.733,1313.857,998,33.267,48256.478
Moderate_Risk:Martingale,895,38.467,1099.775,-470,-15.667,38170.161
Moderate_Risk:Martingale,896,41.433,1152.392,-1357,-45.233,25947.495
Moderate_Risk:Martingale,897,41.567,1209.22,-998,-33.267,24649.237
Moderate_Risk:Martingale,898,38.067,938.754,-1662,-55.4,19158.938
Moderate_Risk:Martingale,899,41.2,1144.166,-1283,-42.767,22029.151
Moderate_Risk:Martingale,900,56.167,1221.316,977,32.567,60151.082
Moderate_Risk:Martingale,901,51.4,1225.007,-333,-11.1,34757.403
Moderate_Risk:Martingale,902,52.033,1216.516,-354,-11.8,30321.752
Moderate_Risk:Martingale,903,58.7,1290.562,325,10.833,34626.144
Moderate_Risk:Martingale,904,52.167,1398.557,215,7.167,34808.557
Moderate_Risk:Martingale,905,47.867,1337.085,-1029,-34.3,21727.252
Moderate_Risk:Martingale,906,37.133,1023.913,-732,-24.4,31635.145
Moderate_Risk:Martingale,907,45.233,1277.633,-368,-12.267,41309.513
Moderate_Risk:Martingale,908,51.8,1267.683,-441,-14.7,32166.907
Moderate_Risk:Martingale,909,42.1,1148.507,-1082,-36.067,28672.616
Moderate_Risk:Martingale,910,55.5,1259.776,-113,-3.767,32401.426
Moderate_Risk:Martingale,911,38.2,1100.372,-1010,-33.667,25617.609
Moderate_Risk:Martingale,912,56.867,1233.499,1209,40.3,45673.252
Moderate_Risk:Martingale,913,45.6,1157.972,-1349,-44.967,20512.792
Moderate_Risk:Martingale,914,46.467,1447.775,-1114,-37.133,20827.568
Moderate_Risk:Martingale,915,53.967,1299.344,-30,-1.0,30403.586
Moderate_Risk:Martingale,916,38.933,824.754,-1948,-64.933,14550.892
Moderate_Risk:Martingale,917,51.833,1267.454,919,30.633,56548.723
Moderate_Risk:Martingale,918,51.033,1412.654,-1633,-54.433,14091.564
Moderate_Risk:Martingale,919,43.667,1022.575,-1000,-33.333,25587.126
Moderate_Risk:Martingale,920,45.433,1354.944,-160,-5.333,31667.264
Moderate_Risk:Martingale,921,39.5,1089.017,-1087,-36.233,23673.84
Moderate_Risk:Martingale,922,48.133,1082.12,-1145,-38.167,20969.454
Moderate_Risk:Martingale,923,48.367,1307.826,309,10.3,44174.493
Moderate_Risk:Martingale,924,46.667,1253.954,-871,-29.033,29030.24
Moderate_Risk:Martingale,925,39.2,850.097,-2067,-68.9,12293.955
Moderate_Risk:Martingale,926,48.933,1229.513,-444,-14.8,37949.614
Moderate_Risk:Martingale,927,47.567,1002.461,-740,-24.667,29263.954
Moderate_Risk:Martingale,928,44.833,1248.144,-84,-2.8,44594.993
Moderate_Risk:Martingale,929,40.567,646.806,-2227,-74.233,9893.495
Moderate_Risk:Martingale,930,45.433,1336.392,-343,-11.433,28731.22
Moderate_Risk:Martingale,931,41.9,1278.99,-701,-23.367,24907.068
Moderate_Risk:Martingale,932,42.1,992.852,-1548,-51.6,16486.8
Moderate_Risk:Martingale,933,49.667,1122.506,-1378,-45.933,16019.306
Moderate_Risk:Martingale,934,49.767,1067.151,-470,-15.667,31324.299
Moderate_Risk:Martingale,935,51.033,1136.033,-734,-24.467,28254.533
Moderate_Risk:Martingale,936,44.767,1302.323,-127,-4.233,33399.702
Moderate_Risk:Martingale,937,54.8,1147.545,83,2.767,38218.047
Moderate_Risk:Martingale,938,53.533,936.257,-628,-20.933,41436.685
Moderate_Risk:Martingale,939,38.433,1009.633,-1258,-41.933,19704.478
Moderate_Risk:Martingale,940,51.633,1068.102,-503,-16.767,32845.013
Moderate_Risk:Martingale,941,45.0,1252.759,-37,-1.233,35067.909
Moderate_Risk:Martingale,942,46.233,1223.151,-1208,-40.267,19932.961
Moderate_Risk:Martingale,943,53.4,1457.145,82,2.733,32980.34
Moderate_Risk:Martingale,944,42.933,1264.202,-428,-14.267,32244.616
Moderate_Risk:Martingale,945,33.067,515.651,-3000,-100.0,0.0
Moderate_Risk:Martingale,946,38.567,1107.633,-1847,-61.567,13815.771
Moderate_Risk:Martingale,947,51.867,838.257,-2010,-67.0,10340.276
Moderate_Risk:Martingale,948,33.933,829.857,-2585,-86.167,3015.592
Moderate_Risk:Martingale,949,42.9,1238.645,-138,-4.6,40557.145
Moderate_Risk:Martingale,950,47.667,1294.644,-233,-7.767,33929.84
Moderate_Risk:Martingale,951,42.633,878.93,-1932,-64.4,12873.972
Moderate_Risk:Martingale,952,50.3,1130.355,-427,-14.233,40732.323
Moderate_Risk:Martingale,953,41.9,993.748,-1989,-66.3,15060.079
Moderate_Risk:Martingale,954,52.267,1208.34,-665,-22.167,27746.557
Moderate_Risk:Martingale,955,45.833,1341.247,-1044,-34.8,19637.545
Moderate_Risk:Martingale,956,37.333,1143.195,-898,-29.933,33592.961
Moderate_Risk:Martingale,957,53.167,1134.971,374,12.467,44437.154
Moderate_Risk:Martingale,958,55.233,1252.668,-129,-4.3,29917.528
Moderate_Risk:Martingale,959,43.767,1299.151,88,2.933,40927.651
Moderate_Risk:Martingale,960,41.6,1032.8,-1771,-59.033,15857.689
Moderate_Risk:Martingale,961,41.1,992.162,-1648,-54.933,14223.513
Moderate_Risk:Martingale,962,54.667,1249.264,200,6.667,39373.678
Moderate_Risk:Martingale,963,49.233,1090.254,-1499,-49.967,22443.551
Moderate_Risk:Martingale,964,41.533,992.602,-1415,-47.167,19036.557
Moderate_Risk:Martingale,965,54.6,1352.11,1592,53.067,52778.202
Moderate_Risk:Martingale,966,38.2,1216.717,-1227,-40.9,18939.817
Moderate_Risk:Martingale,967,40.0,1020.69,-1498,-49.933,18252.823
Moderate_Risk:Martingale,968,40.9,903.541,-1874,-62.467,13434.947
Moderate_Risk:Martingale,969,40.033,819.344,-1218,-40.6,24427.283
Moderate_Risk:Martingale,970,56.933,1082.685,300,10.0,43604.621
Moderate_Risk:Martingale,971,46.967,1219.964,-371,-12.367,28964.792
Moderate_Risk:Martingale,972,50.3,1270.424,485,16.167,43914.282
Moderate_Risk:Martingale,973,48.167,1163.178,-1103,-36.767,21005.978
Moderate_Risk:Martingale,974,51.0,1184.759,-247,-8.233,33547.495
Moderate_Risk:Martingale,975,41.967,1301.757,-1110,-37.0,20828.483
Moderate_Risk:Martingale,976,53.867,1409.361,-76,-2.533,29862.878
Moderate_Risk:Martingale,977,52.767,1228.392,836,27.867,50837.361
Moderate_Risk:Martingale,978,49.533,1551.154,457,15.233,32382.944
Moderate_Risk:Martingale,979,47.167,919.04,-1344,-44.8,22449.476
Moderate_Risk:Martingale,980,38.333,969.54,-1646,-54.867,19017.085
Moderate_Risk:Martingale,981,55.033,1263.964,79,2.633,37752.654
Moderate_Risk:Martingale,982,47.4,1265.559,1045,34.833,69823.247
Moderate_Risk:Martingale,983,43.2,1144.855,-174,-5.8,37343.476
Moderate_Risk:Martingale,984,43.033,920.861,-1886,-62.867,10971.844
Moderate_Risk:Martingale,985,45.3,1067.183,-285,-9.5,34946.534
Moderate_Risk:Martingale,986,48.467,1526.947,518,17.267,42092.616
Moderate_Risk:Martingale,987,42.4,1245.559,-765,-25.5,32182.328
Moderate_Risk:Martingale,988,47.4,1068.593,-1317,-43.9,28674.852
Moderate_Risk:Martingale,989,57.333,1245.126,477,15.9,37160.093
Moderate_Risk:Martingale,990,49.667,1402.782,1024,34.133,53504.602
Moderate_Risk:Martingale,991,54.267,1331.306,152,5.067,34426.823
Moderate_Risk:Martingale,992,55.5,1034.052,-64,-2.133,34900.395
Moderate_Risk:Martingale,993,51.867,1482.533,1638,54.6,55438.869
Moderate_Risk:Martingale,994,50.3,1204.01,-586,-19.533,37395.361
Moderate_Risk:Martingale,995,59.733,1048.961,743,24.767,40145.082
Moderate_Risk:Martingale,996,43.9,1151.955,-1237,-41.233,19482.53
Moderate_Risk:Martingale,997,44.833,1222.213,-154,-5.133,39696.464
Moderate_Risk:Martingale,998,47.2,1232.51,-687,-22.9,24842.369
Moderate_Risk:Martingale,999,45.7,892.838,-1682,-56.067,18165.168
